delta (MHz),alpha (pi rad),signal_window (MHz)
-35.7369110686934,-0.2728985919289155,1.0
6.372188284127944,0.4471761162151737,1.0
24.908890738617828,0.26612534663491094,1.0
-8.433921405043243,-0.19686552909859856,1.0
