delta (MHz),alpha (pi rad),signal_window (MHz)
11.280657722387872,0.09915959800718421,15.0
74.8377644883534,0.9143308751761761,15.0
-67.93285605809552,0.9140060856168934,15.0
-23.672491354966034,0.10012233646459845,15.0
