delta (MHz),alpha (pi rad),signal_window (MHz)
-38.2659152410745,0.7905609244770997,1.0
-30.927848733157017,-0.7812721942545484,1.0
5.947549281987108,-0.22604163011173828,1.0
38.01572189304818,0.4614794708354706,1.0
