delta (MHz),alpha (pi rad),signal_window (MHz)
87.39301089174305,-0.23071378067671278,3.0
26.70859511809931,0.3791398755764168,3.0
