delta (MHz),alpha (pi rad),signal_window (MHz)
-31.08327007088692,-0.2540383865377518,1.0
-11.246061379400828,-0.7086306896423664,1.0
26.570332026562753,0.04924780424156139,1.0
-24.829414904545633,-0.08713652288423845,1.0
30.598492929413766,0.2861164829797045,1.0
-13.539570192832159,-0.5998127960872734,1.0
