delta (MHz),alpha (pi rad),signal_window (MHz)
108.73185372209983,0.5051487960612058,3.0
-102.72413036402722,-0.13935367932352838,3.0
-112.49857388989926,-0.56354109942957,3.0
-78.60397427879786,0.26045148263228834,3.0
-65.4124027933441,0.9731051575991165,3.0
-11.63117026314265,-0.8079203287123728,3.0
