delta (MHz),alpha (pi rad),signal_window (MHz)
-49.45812922561142,0.5676908957293043,2.0
75.27367326095217,-0.07176076788760732,2.0
14.447250940523219,-0.254910140534538,2.0
70.90508715261083,0.2968576216700345,2.0
