delta (MHz),alpha (pi rad),signal_window (MHz)
29.7302381822101,-0.1829321077696846,2.5
2.9946137041636334,-0.9171920773170013,2.5
35.38201076840568,0.12485646230521485,2.5
-35.94444506022642,-0.7706858594063886,2.5
