delta (MHz),alpha (pi rad),signal_window (MHz)
-10.413829353160338,-0.07044793176807818,5.0
31.639342911118078,-0.6856605122664772,5.0
-45.63805906741939,0.698130037870073,5.0
16.49628007041713,-0.24498251318176556,5.0
