delta (MHz),alpha (pi rad),signal_window (MHz)
-29.566744770681396,-0.7871547559229777,1.0
-36.909048866014835,-0.42916376342747853,1.0
42.51364887523208,0.3271158018841831,1.0
16.263720887071692,0.1604988689799267,1.0
