delta (MHz),alpha (pi rad),signal_window (MHz)
-83.09390792422981,-0.04451832404986389,7.5
5.19404931165532,0.5071680517648345,7.5
48.203634986856684,0.44414415976188004,7.5
90.39684346257997,-0.8979173932374531,7.5
-19.224603873211734,0.23225605351833,7.5
64.98828782448504,0.2540063727463955,7.5
