delta (MHz),alpha (pi rad),signal_window (MHz)
-37.17726791906969,-0.8639392398838857,15.0
3.9809372903752944,0.7390457236275239,15.0
48.83246941788825,0.2029707355285959,15.0
-74.03884382843577,0.9132070214967614,15.0
