delta (MHz),alpha (pi rad),signal_window (MHz)
125.73694043038668,0.6843871303327271,3.0
119.70333621247283,0.37190357242102556,3.0
-7.095297929836448,0.8624743964384065,3.0
56.0238297885746,0.4876883776967431,3.0
-119.5316358251846,0.8699011151471518,3.0
-65.23352289697829,0.4122618713755213,3.0
