delta (MHz),alpha (pi rad),signal_window (MHz)
-42.92483599490329,0.10097940674917427,1.0
14.593403592744252,-0.6971307061685481,1.0
44.755271261206175,-0.19579112672015175,1.0
-9.518038768310248,0.0877966352780446,1.0
