delta (MHz),alpha (pi rad),signal_window (MHz)
3.630331047833913,-0.606176076960524,10.0
-18.84067217144848,-0.07355330529034165,10.0
28.820102631155493,-0.8127695855998409,10.0
-48.91807802952527,0.26424913544042705,10.0
