delta (MHz),alpha (pi rad),signal_window (MHz)
25.398156900724146,-0.13457458129597,5.0
-28.14097031271247,-0.365249266223745,5.0
40.537631637359496,-0.681114006809441,5.0
63.942086653921905,0.6335790227534903,5.0
-56.861259501050554,-0.8850500734645692,5.0
0.49674913532155074,-0.40656677115179285,5.0
