delta (MHz),alpha (pi rad),signal_window (MHz)
-26.41780454032446,0.698144104561329,2.0
-86.00214565239708,-0.5384734116280356,2.0
21.85003048052201,0.4306649393693842,2.0
-7.2612701914702455,-0.2966000830049904,2.0
