delta (MHz),alpha (pi rad),signal_window (MHz)
-3.0213243182455756,0.36653322016231016,3.0
-70.41661764042865,0.6326386458675426,3.0
-110.0719189063667,0.969375167243127,3.0
-14.370515538556305,0.7764656489763506,3.0
