delta (MHz),alpha (pi rad),signal_window (MHz)
-4.688420594965756,-0.3571688649801392,2.5
-15.691194882944497,-0.7238980314919494,2.5
24.829784976890117,-0.1540881240634009,2.5
-31.21583261372113,0.6012772693435968,2.5
4.665216651157742,-0.9026387050594706,2.5
13.133479036595446,0.7652388765252442,2.5
