delta (MHz),alpha (pi rad),signal_window (MHz)
21.71091000686198,-0.20624395918380878,1.0
29.986295923174623,-0.09680484968817304,1.0
