delta (MHz),alpha (pi rad),signal_window (MHz)
-7.922685920471739,0.7831149936971225,5.0
19.040583295521444,0.05613253915532157,5.0
-23.319985129315935,-0.376289258505216,5.0
4.934477578119754,0.41544436148601416,5.0
