delta (MHz),alpha (pi rad),signal_window (MHz)
-56.75701605989151,0.9085099441275313,15.0
11.299457136664188,0.9393969797902348,15.0
73.28046354944635,-0.4595047358374389,15.0
-24.52967983326389,-0.1284953274532652,15.0
