t (us),H_x (2pi MHz),H_z (2pi MHz)
0.0017668182479225467,-80.0,0.0
0.0008333333333333334,0.0,150.0
7.116198855361103e-06,-80.0,0.0
0.0008333333333333334,0.0,150.0
0.00010654830708745858,-80.0,0.0
0.0008333333333333334,0.0,150.0
0.0008145135256645247,80.0,0.0
0.0008333333333333334,0.0,150.0
0.0003780071418120894,80.0,0.0
0.0008333333333333334,0.0,150.0
0.0006933136266177722,80.0,0.0
0.0008333333333333334,0.0,150.0
0.0018954024152823918,-80.0,0.0
0.0008333333333333334,0.0,150.0
0.004164672837782238,-80.0,0.0
0.0008333333333333334,0.0,150.0
0.0001013510981582496,-80.0,0.0
0.0008333333333333334,0.0,150.0
0.0007790048446033021,80.0,0.0
0.0008333333333333334,0.0,150.0
0.0006542104696328141,80.0,0.0
0.0008333333333333334,0.0,150.0
0.00024421441355258874,80.0,0.0
0.0008333333333333334,0.0,150.0
0.0008578442325851414,80.0,0.0
0.0008333333333333334,0.0,150.0
9.029006555023827e-05,80.0,0.0
0.0008333333333333334,0.0,150.0
0.0009175165738622601,80.0,0.0
0.0008333333333333334,0.0,150.0
6.337543285103484e-05,80.0,0.0
0.0008333333333333334,0.0,150.0
0.0008680745872964416,80.0,0.0
0.0008333333333333334,0.0,150.0
0.00010129865955667172,80.0,0.0
0.0008333333333333334,0.0,150.0
0.0008990389940228681,80.0,0.0
0.0008333333333333334,0.0,150.0
0.00016726467274397113,-80.0,0.0
0.0008333333333333334,0.0,150.0
0.00594346389736896,-80.0,0.0
0.0008333333333333334,0.0,150.0
0.00024124605970585636,-80.0,0.0
0.0008333333333333334,0.0,150.0
0.0010633764966395411,80.0,0.0
0.0008333333333333334,0.0,150.0
0.0004904647233907708,-80.0,0.0
0.0008333333333333334,0.0,150.0
0.0010900498975853123,80.0,0.0
0.0008333333333333334,0.0,150.0
0.0009078295606830602,-80.0,0.0
0.0008333333333333334,0.0,150.0
0.0009905005497441327,80.0,0.0
0.0008333333333333334,0.0,150.0
0.0010589756583162047,-80.0,0.0
0.0008333333333333334,0.0,150.0
0.0006899340816485275,80.0,0.0
0.0008333333333333334,0.0,150.0
0.0004786396950965424,-80.0,0.0
0.0008333333333333334,0.0,150.0
0.0022424895693118124,80.0,0.0
