delta (MHz),alpha (pi rad),signal_window (MHz)
-8.43416802229659,-0.2160564534356011,1.0
-32.43590103016757,0.44578846303641995,1.0
