delta (MHz),alpha (pi rad),signal_window (MHz)
8.11654412047281,-0.3718258320886052,5.0
30.074447729418438,-0.020260368496874737,5.0
