delta (MHz),alpha (pi rad),signal_window (MHz)
26.610510568617194,-0.346660863319064,5.0
-31.66776511835469,-0.29989727396868937,5.0
