delta (MHz),alpha (pi rad),signal_window (MHz)
-24.193880600047542,0.8477754236395072,1.0
25.382053018482097,-0.5016391259579303,1.0
22.99601467101978,0.49570726352421723,1.0
37.73307716399228,0.5666825345193127,1.0
-1.5804479704586427,0.6686714363868584,1.0
-31.865841528495515,-0.8286355370946561,1.0
