delta (MHz),alpha (pi rad),signal_window (MHz)
-38.867863165970434,0.8236858412451402,3.0
-64.72219461594655,-0.33852333989895245,3.0
-118.87729965464956,0.9169602293061951,3.0
45.56879928924866,-0.15222890697169533,3.0
