delta (MHz),alpha (pi rad),signal_window (MHz)
96.74319703386178,-0.14815996903793072,3.0
74.71858102653138,0.8252999922770459,3.0
24.76539361907544,0.2947880910406635,3.0
-60.17381342223757,0.002644601885030795,3.0
-75.607905651941,0.4426212324446319,3.0
-85.32147183652634,-0.89254620353587,3.0
