delta (MHz),alpha (pi rad),signal_window (MHz)
-30.286672698665,-0.8733349101949663,1.0
34.65444726575117,0.42889575927964674,1.0
