delta (MHz),alpha (pi rad),signal_window (MHz)
-8.985285891831111,0.6666857707013478,5.0
80.33874876637182,0.8501893458614289,5.0
