delta (MHz),alpha (pi rad),signal_window (MHz)
-7.209383733164152,-0.2687423105485567,5.0
-18.164304308710555,-0.13516609260572743,5.0
