delta (MHz),alpha (pi rad),signal_window (MHz)
-60.44766481351048,0.6434119877254814,7.5
0.3328190602531862,-0.5509154132352612,7.5
-38.47308182720499,-0.39333838532930265,7.5
95.85370798531284,0.20089109615990774,7.5
66.91717146205312,-0.8178735435825628,7.5
48.25729557714368,0.883646003596861,7.5
