delta (MHz),alpha (pi rad),signal_window (MHz)
18.427604640075685,-0.9184588701593517,2.5
-27.630637280263393,0.2693744350872491,2.5
