delta (MHz),alpha (pi rad),signal_window (MHz)
6.695916981676845,-0.7189539286652777,2.5
27.622103066867453,0.6944502501571084,2.5
