delta (MHz),alpha (pi rad),signal_window (MHz)
-19.568528729472202,-0.5353280262004994,1.0
-9.366676718024891,0.17301959999652805,1.0
-3.630832650174078,-0.35042749784119875,1.0
4.284434557587893,-0.023392493700205907,1.0
17.72336119442062,-0.23510526101691398,1.0
39.70379941026579,0.1237579474408792,1.0
