delta (MHz),alpha (pi rad),signal_window (MHz)
-57.30161311934456,0.48933736102781267,15.0
42.59166268759324,-0.17159021332051871,15.0
