delta (MHz),alpha (pi rad),signal_window (MHz)
-24.062479790432604,-0.5011618969227511,1.0
6.940094661877836,0.6217690234996911,1.0
16.604363600678845,0.9733047998335858,1.0
30.020108237997576,-0.05528879518685237,1.0
21.62519437497656,0.501472723407915,1.0
-33.83270969673784,0.3834778190381576,1.0
