delta (MHz),alpha (pi rad),signal_window (MHz)
-36.056961195668336,0.29060640133219784,7.5
91.68462935188131,0.6159048365357809,7.5
3.66505822213891,0.8886226266125867,7.5
36.19289296423807,0.22639398205787065,7.5
52.96055946951017,-0.3470549098346061,7.5
-85.27215562048337,0.9055859661821126,7.5
