delta (MHz),alpha (pi rad),signal_window (MHz)
-13.638753868429916,0.8624664048825144,2.0
44.03188920726987,0.8092633730489334,2.0
-79.40610706959313,-0.38522106361192554,2.0
-38.468189692598486,-0.1558760821843872,2.0
63.40238505326454,0.43707128101235604,2.0
-9.36188142706223,0.23815814874727148,2.0
