delta (MHz),alpha (pi rad),signal_window (MHz)
26.893569640526792,-0.09479917837410357,5.0
64.5351575814089,-0.562060718936491,5.0
-73.90756726100223,-0.8279344427076509,5.0
-8.577719059098484,0.45645127493435256,5.0
