delta (MHz),alpha (pi rad),signal_window (MHz)
19.07944903143872,-0.5823188108182098,2.5
-23.17427107247243,-0.4933935701244003,2.5
13.382215063953886,0.5917134118091358,2.5
1.1462341456979814,0.968688235622694,2.5
-12.963157157673582,0.6539637374032783,2.5
-29.022016240533553,-0.3735416436502579,2.5
