delta (MHz),alpha (pi rad),signal_window (MHz)
-58.64400456854386,-0.7374449385498254,2.0
-70.6171681907784,0.6931362863513888,2.0
38.102633321226904,-0.26089304620074927,2.0
-24.2585460173963,-0.6687820922995487,2.0
