delta (MHz),alpha (pi rad),signal_window (MHz)
40.70867338781618,0.43950695272226104,5.0
-7.122578498037157,0.9165816866517831,5.0
65.66189382299405,0.8703984102732027,5.0
-47.46598000826954,-0.01809226393228447,5.0
