delta (MHz),alpha (pi rad),signal_window (MHz)
-18.92586766813555,-0.7528706263680152,5.0
2.550144826071957,0.2500642649653628,5.0
