delta (MHz),alpha (pi rad),signal_window (MHz)
-23.57000473942115,-0.7818360657468282,3.0
25.581135824297036,0.15728185429054586,3.0
