delta (MHz),alpha (pi rad),signal_window (MHz)
20.093268600723405,0.19501344045862523,5.0
-5.041004065840422,-0.6578946116140416,5.0
-22.351392243103575,0.9164737810310839,5.0
9.201384516107616,-0.400442357633501,5.0
