delta (MHz),alpha (pi rad),signal_window (MHz)
79.57659694449006,-0.18459167203837468,2.0
-74.21600017452408,0.9119633347491549,2.0
-32.61186693343815,-0.49297344680621213,2.0
74.14371231012242,0.35633926653748427,2.0
