delta (MHz),alpha (pi rad),signal_window (MHz)
1.864380406778821,-0.16822183240754374,5.0
64.58756827017768,-0.5832369932277712,5.0
-18.143859727274133,0.4591063740363597,5.0
48.505695392443755,0.9591559543684474,5.0
-46.326058518507196,0.987944505374803,5.0
-56.649487130202075,-0.07281636101873024,5.0
