delta (MHz),alpha (pi rad),signal_window (MHz)
19.632905458413937,-0.1400810050586616,5.0
5.588528544500722,0.8908375267542035,5.0
-24.314615769422172,-0.033454518644585596,5.0
-14.281996338474134,-0.2538510338200446,5.0
