delta (MHz),alpha (pi rad),signal_window (MHz)
-74.35668809586741,0.8915307044545264,2.0
-79.12298474528177,0.4641376092503462,2.0
-65.40026871311554,0.4085843853954907,2.0
-58.225856081985754,0.5792066931063882,2.0
