delta (MHz),alpha (pi rad),signal_window (MHz)
-55.236901680808174,0.035022503816501294,7.5
31.91023407210278,0.32886441740344474,7.5
