delta (MHz),alpha (pi rad),signal_window (MHz)
60.15678495343752,-0.2772067357797521,10.0
6.92508881016073,-0.9539496784026416,10.0
