delta (MHz),alpha (pi rad),signal_window (MHz)
-54.818409448108405,-0.944116036383652,2.0
-6.082406286182746,-0.22168222996126996,2.0
4.360992476391232,-0.45705489631732865,2.0
26.606989193242867,0.7658546181019348,2.0
-45.166162581481444,-0.5378709712098388,2.0
-24.34146353948841,0.031353910924176054,2.0
