delta (MHz),alpha (pi rad),signal_window (MHz)
79.49850758813224,-0.6235781453514779,7.5
-83.45212519419454,0.07176126483647893,7.5
22.392804524034517,-0.44011640158397536,7.5
58.10859807895031,0.9720057345841646,7.5
