delta (MHz),alpha (pi rad),signal_window (MHz)
-105.13592544838647,-0.40901165537304873,3.0
-127.64575634742968,0.6720960195419985,3.0
110.58599341343637,-0.4458766102971474,3.0
-44.64933656251013,0.6472440182535972,3.0
