delta (MHz),alpha (pi rad),signal_window (MHz)
-28.8023629462998,0.08241110868013735,5.0
40.78337751905988,-0.6632098791441834,5.0
-57.19807773634949,0.9195392864185099,5.0
-74.83345364590954,0.5494469646151159,5.0
