delta (MHz),alpha (pi rad),signal_window (MHz)
122.69309722919914,0.11913177985816237,7.5
100.97434642849183,-0.960770282819017,7.5
