delta (MHz),alpha (pi rad),signal_window (MHz)
-35.94945400255166,-0.4057232324280742,10.0
49.122399693260974,0.8735705906615481,10.0
-14.452729053731076,-0.17839965270115954,10.0
23.85918685304705,0.17690769331684675,10.0
