delta (MHz),alpha (pi rad),signal_window (MHz)
104.48119058721593,-0.3760445651016857,15.0
55.50817242792053,0.8065856598773504,15.0
