delta (MHz),alpha (pi rad),signal_window (MHz)
44.8246976822665,0.46747611406006895,10.0
6.084096857079999,0.31525853193956843,10.0
