delta (MHz),alpha (pi rad),signal_window (MHz)
-9.190857822520528,-0.0032933716675365154,10.0
-34.12145186600486,-0.09705135803660458,10.0
41.84066055154315,0.09026649187753,10.0
11.561256783592647,0.6616108611706562,10.0
