delta (MHz),alpha (pi rad),signal_window (MHz)
-12.209872690046673,-0.7260549787105204,10.0
13.453957174960863,0.023227375843267506,10.0
-42.18134359067767,-0.38611622897633846,10.0
36.580594950094564,0.12661555964725402,10.0
