delta (MHz),alpha (pi rad),signal_window (MHz)
-0.9773076946390162,-0.8866165770345487,2.5
17.18271950233212,0.5855197791224547,2.5
11.998729246980375,0.9614239617078297,2.5
-27.68392139481873,-0.9295482250301419,2.5
