delta (MHz),alpha (pi rad),signal_window (MHz)
31.08208561225561,-0.2765824164575357,15.0
-73.90114042755388,-0.07979758842520868,15.0
