delta (MHz),alpha (pi rad),signal_window (MHz)
69.19288949862397,-0.2850825981499503,15.0
-17.498399451817164,-0.8668044373867918,15.0
22.770576359906954,0.4082860583063159,15.0
-51.07658441582603,0.4775774334899474,15.0
