delta (MHz),alpha (pi rad),signal_window (MHz)
49.55378385452485,-0.8090157740829795,5.0
-6.401579018133262,-0.2382425313594141,5.0
7.410884236539516,-0.3468073058916945,5.0
-41.57510762925321,-0.2870282438524916,5.0
