delta (MHz),alpha (pi rad),signal_window (MHz)
63.55835195438078,0.5312295348724132,5.0
31.726816946913246,-0.3841905461120687,5.0
-13.071045275886888,0.3889492376257635,5.0
50.75065513392609,-0.2863677427167801,5.0
-37.302105314843054,0.9152089098517735,5.0
16.721087902420777,0.347397121496847,5.0
