delta (MHz),alpha (pi rad),signal_window (MHz)
-63.45411362900265,-0.8727303730155047,10.0
36.69250583672432,0.9723979720660392,10.0
