delta (MHz),alpha (pi rad),signal_window (MHz)
62.451860811580076,-0.28158552434289175,5.0
27.23360792531294,-0.08214319119616964,5.0
