delta (MHz),alpha (pi rad),signal_window (MHz)
-4.866886402560851,0.8726805792956942,2.0
75.03613471782387,0.5749855562721902,2.0
40.40733086546726,-0.25668737846322065,2.0
-24.9117307666711,0.27575324873520946,2.0
