delta (MHz),alpha (pi rad),signal_window (MHz)
48.05502592241892,0.16389247463430223,10.0
-3.668852590051216,-0.3949288537051223,10.0
