delta (MHz),alpha (pi rad),signal_window (MHz)
86.31261571026317,-0.7481729538773358,7.5
111.68361208617458,-0.21861908431324162,7.5
68.52237421024526,0.86718900002249,7.5
13.3790891488364,-0.5352387769735583,7.5
