delta (MHz),alpha (pi rad),signal_window (MHz)
13.018797166155593,0.8106654512320066,2.0
91.87620122000945,-0.855062546289735,2.0
