delta (MHz),alpha (pi rad),signal_window (MHz)
-63.974028661135335,-0.07623857059669592,3.0
-18.829257871010626,-0.16481517761855136,3.0
