delta (MHz),alpha (pi rad),signal_window (MHz)
9.945919103728798,0.9173594906859932,7.5
-62.24304626916342,-0.8011819407115419,7.5
-24.73241724922363,-0.27913420604451833,7.5
44.694717211506656,-0.011578863626572566,7.5
79.47802425957312,0.547191454307272,7.5
-40.103024176366574,0.09375889370125368,7.5
