delta (MHz),alpha (pi rad),signal_window (MHz)
21.869492529825465,0.9860739045322473,10.0
-32.24555923246699,0.5535080697152992,10.0
-8.492706331852574,-0.9369513935246097,10.0
41.91103586413867,-0.15332044519309074,10.0
