delta (MHz),alpha (pi rad),signal_window (MHz)
-13.521954388692095,-0.41551274179145925,7.5
58.284059530073364,-0.3497353233398326,7.5
