t (us),H_x (2pi MHz),H_z (2pi MHz)
0.0027870687101061806,-80.0,0.0
0.00125,0.0,100.0
0.0005061506420651912,-80.0,0.0
0.00125,0.0,100.0
0.0003939125190801512,80.0,0.0
0.00125,0.0,100.0
0.0006942514124992591,80.0,0.0
0.00125,0.0,100.0
0.0015788696030792975,80.0,0.0
0.00125,0.0,100.0
0.00020815569493119184,-80.0,0.0
0.00125,0.0,100.0
0.0005747237597401554,80.0,0.0
0.00125,0.0,100.0
0.00038750949147951997,80.0,0.0
0.00125,0.0,100.0
0.0006905167432059006,-80.0,0.0
0.00125,0.0,100.0
0.0020070031267232667,80.0,0.0
0.00125,0.0,100.0
0.000350748494738615,-80.0,0.0
0.00125,0.0,100.0
0.0021230791888048692,80.0,0.0
0.00125,0.0,100.0
0.001033048529904923,80.0,0.0
0.00125,0.0,100.0
0.0003664514973484116,-80.0,0.0
0.00125,0.0,100.0
4.000770555692464e-05,80.0,0.0
0.00125,0.0,100.0
0.0032347386883933814,-80.0,0.0
0.00125,0.0,100.0
0.0014728799337674857,-80.0,0.0
0.00125,0.0,100.0
0.00127732932188543,-80.0,0.0
0.00125,0.0,100.0
0.0003505760005133829,-80.0,0.0
0.00125,0.0,100.0
0.0019829973123329874,80.0,0.0
0.00125,0.0,100.0
0.0007693877131382935,-80.0,0.0
0.00125,0.0,100.0
0.0028667470181995315,80.0,0.0
0.00125,0.0,100.0
0.001044999296439173,80.0,0.0
0.00125,0.0,100.0
0.004025461846316288,80.0,0.0
0.00125,0.0,100.0
0.0015637788041885248,80.0,0.0
0.00125,0.0,100.0
0.0010653256243073398,80.0,0.0
0.00125,0.0,100.0
0.0007904471765752989,80.0,0.0
0.00125,0.0,100.0
0.0011203636431409724,80.0,0.0
0.00125,0.0,100.0
0.0001890175281960004,-80.0,0.0
0.00125,0.0,100.0
0.0011168688875672886,-80.0,0.0
0.00125,0.0,100.0
0.0028229573233804427,-80.0,0.0
