delta (MHz),alpha (pi rad),signal_window (MHz)
-20.2782593434797,-0.5178795479433915,10.0
43.861865880980616,-0.8731895222472725,10.0
-48.7809940910282,0.11407439403701258,10.0
1.225180248370883,-0.09700773141211916,10.0
