delta (MHz),alpha (pi rad),signal_window (MHz)
16.3347434111585,0.6839937258317537,2.0
44.6186943097357,0.9262281367897967,2.0
-53.74512590040282,0.4578899269873189,2.0
88.17929390210043,0.5930113768334562,2.0
