delta (MHz),alpha (pi rad),signal_window (MHz)
8.472689460616365,0.3844567042337854,1.0
-10.419249057042364,0.8555083020756864,1.0
