delta (MHz),alpha (pi rad),signal_window (MHz)
-33.31440034255385,0.5745848795693729,2.0
-61.665008814382546,-0.15294484735971792,2.0
