delta (MHz),alpha (pi rad),signal_window (MHz)
-36.85374851270939,0.6636322520528539,7.5
33.27624447441829,0.6721151518869202,7.5
7.430019120719166,-0.4642009998948653,7.5
-73.66009228497236,0.44963865664755964,7.5
