delta (MHz),alpha (pi rad),signal_window (MHz)
-55.69340398618685,0.5070021678454788,2.0
47.31275860967986,-0.34936562731847554,2.0
29.48188164525355,-0.0822147416820298,2.0
82.02950949962965,0.4294278767315929,2.0
