delta (MHz),alpha (pi rad),signal_window (MHz)
-23.464373310057937,0.9003615947970327,7.5
-65.23600374338032,-0.792379501319652,7.5
69.79725254818118,0.7978782852012702,7.5
-97.66237251363148,-0.34863855163806723,7.5
