delta (MHz),alpha (pi rad),signal_window (MHz)
5.86871316151057,-0.7614534367819594,10.0
63.22604966955427,-0.3910698861867479,10.0
