delta (MHz),alpha (pi rad),signal_window (MHz)
60.04881122188098,0.4154118649453322,7.5
27.850825020781926,-0.2684636265983309,7.5
-72.35485482539869,-0.3932523750102772,7.5
-53.00594732291633,0.5382510251846775,7.5
9.004870542948069,-0.23847195743823812,7.5
-88.37871471149167,0.8104699220243281,7.5
