delta (MHz),alpha (pi rad),signal_window (MHz)
40.68167100770856,0.6305415212829217,1.0
11.245415556443305,-0.684324060098334,1.0
-24.228905710959136,0.1259775891483712,1.0
42.763726787879094,-0.0508081362378785,1.0
-10.558189005738157,0.37510971744962607,1.0
-3.845332473028577,0.47535245957461614,1.0
