delta (MHz),alpha (pi rad),signal_window (MHz)
-23.107919661527866,0.489295670183997,15.0
54.5619889059266,0.40045057925761984,15.0
24.51009173404161,0.8914167969788243,15.0
-68.61564642212294,-0.009855370852851042,15.0
