t (us),H_x (2pi MHz),H_z (2pi MHz)
0.0012153956284686315,-80.0,0.0
0.0008333333333333334,0.0,150.0
0.00034793224497096107,80.0,0.0
0.0008333333333333334,0.0,150.0
0.0009149585077925661,80.0,0.0
0.0008333333333333334,0.0,150.0
0.0003727378780729701,-80.0,0.0
0.0008333333333333334,0.0,150.0
0.001113080644296729,80.0,0.0
0.0008333333333333334,0.0,150.0
0.0005956175231387842,-80.0,0.0
0.0008333333333333334,0.0,150.0
0.002614825872159003,-80.0,0.0
0.0008333333333333334,0.0,150.0
0.0014251856417939438,-80.0,0.0
0.0008333333333333334,0.0,150.0
0.0017510198183681611,-80.0,0.0
0.0008333333333333334,0.0,150.0
0.000517609330442678,80.0,0.0
0.0008333333333333334,0.0,150.0
0.0006864624147836349,-80.0,0.0
0.0008333333333333334,0.0,150.0
0.0024764994763024004,-80.0,0.0
0.0008333333333333334,0.0,150.0
6.121399550202226e-05,80.0,0.0
0.0008333333333333334,0.0,150.0
0.00028657920871709376,80.0,0.0
0.0008333333333333334,0.0,150.0
0.0010364644200641807,80.0,0.0
0.0008333333333333334,0.0,150.0
0.0023410482583934526,80.0,0.0
0.0008333333333333334,0.0,150.0
0.005358866272778912,-80.0,0.0
0.0008333333333333334,0.0,150.0
0.002457384771516151,-80.0,0.0
0.0008333333333333334,0.0,150.0
0.0008200148146505293,80.0,0.0
0.0008333333333333334,0.0,150.0
0.0010450508904004997,-80.0,0.0
0.0008333333333333334,0.0,150.0
0.0006081961467533008,80.0,0.0
0.0008333333333333334,0.0,150.0
0.0016817245386030284,80.0,0.0
0.0008333333333333334,0.0,150.0
0.0005028072009815267,-80.0,0.0
0.0008333333333333334,0.0,150.0
0.0008864366642542058,-80.0,0.0
0.0008333333333333334,0.0,150.0
0.001189311601221267,-80.0,0.0
0.0008333333333333334,0.0,150.0
8.476884359473358e-05,80.0,0.0
0.0008333333333333334,0.0,150.0
0.000870994465949367,80.0,0.0
0.0008333333333333334,0.0,150.0
0.0009582730269750703,-80.0,0.0
0.0008333333333333334,0.0,150.0
0.0015789630751536958,80.0,0.0
0.0008333333333333334,0.0,150.0
0.0013296473242333517,-80.0,0.0
0.0008333333333333334,0.0,150.0
0.002131901844207655,-80.0,0.0
