delta (MHz),alpha (pi rad),signal_window (MHz)
19.766566818907158,-0.5366436177889693,5.0
-5.516550074110089,0.2796301709106772,5.0
-23.86018760583356,-0.05041441574701677,5.0
5.198562779864481,-0.5037130999704473,5.0
