delta (MHz),alpha (pi rad),signal_window (MHz)
39.768823773069585,-0.16000576944812095,15.0
92.54018216702579,0.847859214125777,15.0
