delta (MHz),alpha (pi rad),signal_window (MHz)
-64.47175605722569,-0.6598406758207624,10.0
13.019329854712666,-0.475557027149204,10.0
