delta (MHz),alpha (pi rad),signal_window (MHz)
24.334041800488663,-0.6398728849273172,5.0
-20.91867900373012,-0.37495521022773803,5.0
7.1696002972294295,0.8942385021963861,5.0
-7.788707270164146,-0.17411312532326728,5.0
