delta (MHz),alpha (pi rad),signal_window (MHz)
27.07777535822366,0.6311646555406984,2.5
-33.383033291141615,-0.7376089959680687,2.5
32.21013031947906,0.7570936411083455,2.5
11.88841302516257,-0.8312012310008401,2.5
