delta (MHz),alpha (pi rad),signal_window (MHz)
-50.480294704819414,0.2576202748482457,15.0
15.048413440548543,0.8909493113432234,15.0
