delta (MHz),alpha (pi rad),signal_window (MHz)
4.674510856328652,-0.9448904337440294,5.0
26.908314119816126,0.6466814674411041,5.0
