delta (MHz),alpha (pi rad),signal_window (MHz)
24.97583453928766,-0.5463987313114862,7.5
-106.5673531245288,0.3501877310425352,7.5
-89.82243481609254,0.6567272645148756,7.5
65.17063222533395,0.6548570868540002,7.5
