delta (MHz),alpha (pi rad),signal_window (MHz)
-84.57602121749044,-0.2763662379755054,2.0
71.92630599415372,-0.9459062504585136,2.0
6.149255920378806,-0.6610956307260099,2.0
-17.2495377109083,0.6009291797827176,2.0
-67.71783911451286,0.8169934698204193,2.0
-79.91858597632822,-0.054637921521025756,2.0
