delta (MHz),alpha (pi rad),signal_window (MHz)
28.53319162470858,-0.9388765686961504,2.0
83.18322737621085,0.6507245717074042,2.0
-84.49726198082223,-0.5164716927603701,2.0
43.95064310692453,0.5902368607295083,2.0
-34.37702303039445,-0.513290990699464,2.0
67.03009884360651,-0.6378608538120967,2.0
