delta (MHz),alpha (pi rad),signal_window (MHz)
26.24023448474931,-0.6473386052288403,5.0
-30.50339357798818,-0.636562704917262,5.0
