delta (MHz),alpha (pi rad),signal_window (MHz)
22.62337222169323,0.31686737669510046,2.5
-13.113620568799185,-0.5526690615108449,2.5
-27.31483622865996,-0.32759170046339814,2.5
-7.4039082922352115,-0.37726371624621935,2.5
31.256229453075974,-0.14359547669962414,2.5
-0.7480098167511997,0.5766785319417587,2.5
