delta (MHz),alpha (pi rad),signal_window (MHz)
-23.301429213335545,-0.5858150551344321,5.0
-8.733360462316,-0.2821870854346762,5.0
62.7142243909683,0.4728202639303307,5.0
-43.246257012842364,-0.8362348627720433,5.0
