delta (MHz),alpha (pi rad),signal_window (MHz)
35.86230952958793,0.07265200533950966,1.0
-42.9653004104701,-0.21201600061883408,1.0
-2.8173715873116905,0.5818539262805382,1.0
13.870621278669638,0.4029083204866366,1.0
8.51501763605615,0.9977236665106499,1.0
19.596079661211718,0.4162392114282698,1.0
