delta (MHz),alpha (pi rad),signal_window (MHz)
-31.55305419419802,-0.007581275681163957,5.0
47.22047218657666,-0.2639417793835255,5.0
4.212568331598817,-0.005040174463359248,5.0
-46.61623583456937,-0.7407351157465369,5.0
