delta (MHz),alpha (pi rad),signal_window (MHz)
-104.841182521089,0.134024105558316,3.0
-123.44642492007785,0.06376785671986407,3.0
106.6255019800434,-0.6010535865809179,3.0
-1.5613148757296358,0.047630949908558096,3.0
