delta (MHz),alpha (pi rad),signal_window (MHz)
-0.6594567788335581,-0.624533547803205,2.5
41.881359570566076,0.3685986031233812,2.5
