delta (MHz),alpha (pi rad),signal_window (MHz)
88.88332292217461,-0.17727777878545314,2.0
-15.423340319639223,-0.8939807155943564,2.0
