delta (MHz),alpha (pi rad),signal_window (MHz)
-82.48983644008075,0.12267800726647726,7.5
82.59658294496268,-0.534121287181686,7.5
-105.31085755279851,-0.7880219837991762,7.5
-28.16684118757844,-0.8364296661068518,7.5
