delta (MHz),alpha (pi rad),signal_window (MHz)
34.24351422499147,0.4896811683166957,5.0
-22.937198412015512,0.22307412026142748,5.0
-34.67200854179859,0.047357590231456026,5.0
-63.41861598416533,-0.1586606468025482,5.0
-8.752097070723345,-0.9351759054810025,5.0
14.880823682493357,0.2964610207565841,5.0
