delta (MHz),alpha (pi rad),signal_window (MHz)
49.9715848809045,-0.26491648757326924,10.0
-18.207163254747748,0.7138033420527952,10.0
8.388735682468464,0.5787214627129857,10.0
-38.933899680490335,0.1741516439659847,10.0
