delta (MHz),alpha (pi rad),signal_window (MHz)
-133.30958852730868,-0.5182865707006337,3.0
-20.558342398996345,-0.4139008247932703,3.0
92.10585663474004,0.3129744806121404,3.0
-53.838623541873005,-0.729166219376953,3.0
