delta (MHz),alpha (pi rad),signal_window (MHz)
9.944792919525327,0.3916462863686281,3.0
-74.78409158725546,0.4053143966299222,3.0
23.426613911251536,0.8832469054536518,3.0
83.23367524811621,-0.5911811054315046,3.0
107.37279251798753,-0.9931820195238212,3.0
32.05231583086487,-0.15844702592121207,3.0
