delta (MHz),alpha (pi rad),signal_window (MHz)
-27.06254671457393,-0.7969012008161882,2.5
19.1642758607845,-0.7517120862963009,2.5
0.9905048743743521,0.5029179006522824,2.5
24.323463455166802,0.663116896407776,2.5
-16.46070864125018,-0.7595827738843846,2.5
-6.54942806648285,-0.6125499200398847,2.5
