delta (MHz),alpha (pi rad),signal_window (MHz)
-60.374676768261835,-0.5270424187517411,10.0
-28.042340009297284,0.9455006896345393,10.0
