delta (MHz),alpha (pi rad),signal_window (MHz)
-58.55543559665328,-0.3426149901938702,7.5
-116.32101077343555,-0.6968747480822128,7.5
