delta (MHz),alpha (pi rad),signal_window (MHz)
6.454284431472651,0.5740539807079577,1.0
-7.133514125137957,0.7080259186295241,1.0
