delta (MHz),alpha (pi rad),signal_window (MHz)
41.19511766321165,-0.657344595908687,1.0
-40.207780850583035,0.49136656742420093,1.0
