delta (MHz),alpha (pi rad),signal_window (MHz)
-12.253985920273848,0.6682330761490742,2.0
22.823982000822767,-0.04862002280631361,2.0
