delta (MHz),alpha (pi rad),signal_window (MHz)
-28.333218883969717,-0.04646827748724558,2.5
-11.502210945530678,0.9142627510742509,2.5
24.66324243992019,-0.8968806134797864,2.5
-19.896988214190095,0.47378882073139716,2.5
13.135513125313622,-0.8349069777259577,2.5
3.4949195307597662,0.8162689450697378,2.5
