delta (MHz),alpha (pi rad),signal_window (MHz)
-19.656180951300566,0.20489919165574477,1.0
-10.610858406094941,-0.30819177486366156,1.0
20.91273662161487,-0.026733963062222754,1.0
41.805962460991054,-0.30251267672097626,1.0
