delta (MHz),alpha (pi rad),signal_window (MHz)
42.61312594488177,0.8096195714650771,7.5
-15.504099176357855,-0.11081694531878217,7.5
