delta (MHz),alpha (pi rad),signal_window (MHz)
-4.51174451736788,0.5263734917653788,1.0
-23.371290559164258,-0.583711461404139,1.0
-0.1921794304690252,0.2461278241447724,1.0
16.45484361771605,-0.6919428305159212,1.0
42.55547879552809,-0.25624009282365834,1.0
23.683092723979783,0.4505526412345686,1.0
