delta (MHz),alpha (pi rad),signal_window (MHz)
-16.871395623388096,0.36224100594819886,2.5
23.63591382011662,0.49810903715334254,2.5
0.19845574388849485,0.1483153697916466,2.5
-24.10048977743754,0.2650081305222274,2.5
