delta (MHz),alpha (pi rad),signal_window (MHz)
-16.5870088504954,-0.2568006928684836,2.5
2.734120164077879,-0.31277149423276374,2.5
