delta (MHz),alpha (pi rad),signal_window (MHz)
-1.5072180181165962,0.29356895708021713,2.5
-31.300641584269897,0.8244518511028753,2.5
13.012910975955002,0.10329327489372875,2.5
-16.416319320346314,-0.22449639215054074,2.5
27.3648775109176,0.24700065460146314,2.5
-24.465418654844793,0.9296120492036632,2.5
