delta (MHz),alpha (pi rad),signal_window (MHz)
27.048226697090584,0.16271917723731377,2.5
-7.230524486608587,0.6266368491931975,2.5
-16.563262652448877,-0.29449030797533293,2.5
18.556699217121242,-0.341823128960264,2.5
-26.447388063661172,0.8603332073395378,2.5
3.6249023840923584,0.6018861328718144,2.5
