delta (MHz),alpha (pi rad),signal_window (MHz)
44.54763455296683,0.17179654853632287,1.0
-30.072385658021695,-0.24484587996182539,1.0
-43.48039212790059,0.45100892047093266,1.0
-5.523871324722933,-0.7523733124764913,1.0
