delta (MHz),alpha (pi rad),signal_window (MHz)
26.210578761869613,-0.3401680902369515,1.0
-9.72136319014053,-0.1506490673223766,1.0
-13.376551529439634,-0.8633659464763845,1.0
41.84174840244853,-0.7993295352620127,1.0
-19.210730934175732,0.6819056831936505,1.0
-27.135682622499193,0.8790351052001759,1.0
