delta (MHz),alpha (pi rad),signal_window (MHz)
-37.69053531887386,-0.23613012359345587,5.0
-22.983884178955755,-0.18175442701998046,5.0
37.09529363695364,-0.31088932555829896,5.0
-53.25684723374524,-0.8877666688953534,5.0
9.23423308444167,0.2144849221760421,5.0
20.798919952611584,0.9185916098340425,5.0
