delta (MHz),alpha (pi rad),signal_window (MHz)
-38.21624343109302,0.08500118212115804,10.0
47.96633416628136,-0.2569311137978072,10.0
12.837587225628333,0.8774001739021173,10.0
-10.879996354611777,-0.805612541583429,10.0
