delta (MHz),alpha (pi rad),signal_window (MHz)
-9.24189937043068,-0.4436312830032758,2.5
-39.74656109088016,-0.36176506209872095,2.5
