delta (MHz),alpha (pi rad),signal_window (MHz)
32.68087832436518,-0.30185106023851604,5.0
11.543719137606267,0.41662948585393766,5.0
