delta (MHz),alpha (pi rad),signal_window (MHz)
-32.930608324942995,0.16070716512598393,7.5
55.65351794391677,0.23736007639459356,7.5
