delta (MHz),alpha (pi rad),signal_window (MHz)
-116.54274591667401,0.9633895594509676,3.0
129.8469090976077,0.3438525873625151,3.0
