delta (MHz),alpha (pi rad),signal_window (MHz)
100.57485678671034,0.0687948259169262,3.0
-45.25802341567909,0.06673455420797891,3.0
122.20553764715291,-0.21617446215996017,3.0
53.36471820702212,-0.28749850574628555,3.0
110.81995201103928,0.8797640541102121,3.0
44.074390896797524,0.9844631321533872,3.0
