delta (MHz),alpha (pi rad),signal_window (MHz)
58.4064079349875,-0.7270381215916855,3.0
-132.87379327122025,0.7650434084440776,3.0
