delta (MHz),alpha (pi rad),signal_window (MHz)
-73.80503628800322,-0.09414938751297952,2.0
-83.39939438355778,0.37860409634554615,2.0
34.63862582033897,-0.07665042463152205,2.0
21.8344426176662,0.1325771684342243,2.0
