delta (MHz),alpha (pi rad),signal_window (MHz)
-16.493835126532172,0.07495070665527703,1.0
-27.80332115246287,0.7787773474451334,1.0
