delta (MHz),alpha (pi rad),signal_window (MHz)
-48.98392156463839,-0.7590741568085744,15.0
-14.781920525098343,0.863545241845626,15.0
42.93724762884706,-0.5843933506874002,15.0
74.28510590793229,-0.8948690680054769,15.0
