delta (MHz),alpha (pi rad),signal_window (MHz)
-80.2540784816045,0.2862650251785648,5.0
-68.37885533178375,0.8622335452683219,5.0
