delta (MHz),alpha (pi rad),signal_window (MHz)
7.386322260856673,-0.815344093450558,2.5
20.673467326821537,0.3967757155297309,2.5
-23.06454399145281,0.9744246416801499,2.5
13.983662008795456,0.7209133911779761,2.5
1.0422189441167333,0.01186519877077341,2.5
-31.88690016795872,-0.8321567006015393,2.5
