delta (MHz),alpha (pi rad),signal_window (MHz)
11.543233809382883,-0.25746200180128653,10.0
-9.41551098067822,-0.26040155883080707,10.0
-31.5225608337104,0.7112567296994463,10.0
38.38444765152764,0.6721053720476611,10.0
