delta (MHz),alpha (pi rad),signal_window (MHz)
-3.7540349537288833,0.9192132865734666,2.5
9.022012610933523,0.6824668755108771,2.5
-18.882572669148086,-0.559498508063464,2.5
-35.92345805865547,0.09578570716473034,2.5
