delta (MHz),alpha (pi rad),signal_window (MHz)
117.81473687671186,-0.5503979453899621,3.0
-65.7246200404647,0.12861349431496527,3.0
17.7672459166873,-0.3496230548897461,3.0
39.69194215933291,0.6193100253346764,3.0
-1.7645227143839435,-0.5601048518868124,3.0
-104.2652603448797,0.24167453660110372,3.0
