delta (MHz),alpha (pi rad),signal_window (MHz)
-84.39396224600989,0.34851765965911596,2.0
-13.82983815966675,-0.11257658423116168,2.0
-77.83199277118223,0.02995663102576107,2.0
80.31013721809859,0.7012712306323323,2.0
64.30655907969935,0.34161551900227516,2.0
-26.5756070594309,-0.011668537956107006,2.0
