delta (MHz),alpha (pi rad),signal_window (MHz)
-25.41144966389956,0.9540594377825671,2.5
32.04407181572985,-0.9692457455956045,2.5
9.065348589098548,-0.6709821411218457,2.5
-32.08640723222543,0.76684849543181,2.5
-9.90777503515275,-0.9580499998076182,2.5
3.4900952610303264,0.7321653761285369,2.5
