delta (MHz),alpha (pi rad),signal_window (MHz)
-17.49729068960228,0.15119420160277364,7.5
-89.90468601458177,-0.5173062214776283,7.5
-34.153450447486605,0.901194185226234,7.5
106.46323717980226,-0.0006240843602185464,7.5
