delta (MHz),alpha (pi rad),signal_window (MHz)
82.15353581333213,0.6234609658397099,7.5
0.16846491337345526,-0.9088246259051247,7.5
