delta (MHz),alpha (pi rad),signal_window (MHz)
-58.2314709253195,0.6103983277869811,5.0
42.653413290115594,-0.7994755712061392,5.0
20.969126293129264,0.13768321473741518,5.0
-33.68236443141822,0.5397930661648105,5.0
55.031598455385236,-0.45912808331667554,5.0
-44.53201416759916,-0.4819837213689899,5.0
