delta (MHz),alpha (pi rad),signal_window (MHz)
77.01132712480245,0.6257968311885294,7.5
-118.30154737990009,0.31865556042775633,7.5
