delta (MHz),alpha (pi rad),signal_window (MHz)
-25.59310845106164,-0.7456595077644492,5.0
30.83718955833602,-0.5585822554007476,5.0
