delta (MHz),alpha (pi rad),signal_window (MHz)
0.17669230836637695,-0.768903384561755,2.5
-29.943078459017784,0.08836754477999031,2.5
-6.458811259670799,-0.7506590345166242,2.5
-36.02061449632257,-0.23478460233876586,2.5
