delta (MHz),alpha (pi rad),signal_window (MHz)
-40.44636030432722,0.4372898591080323,7.5
24.629262085645607,0.9611986015010414,7.5
95.13298203941707,0.8837619026647048,7.5
64.71333533086286,-0.9801888777270307,7.5
-70.8835907266901,0.5880918743397623,7.5
-18.65543304426707,-0.8358724163060081,7.5
