delta (MHz),alpha (pi rad),signal_window (MHz)
15.895819764505063,0.8248494191387392,15.0
60.630805312167894,-0.48999154504665343,15.0
-57.31502108480635,0.8512793819157682,15.0
-22.832339250086804,-0.2042008567099871,15.0
