delta (MHz),alpha (pi rad),signal_window (MHz)
-13.65197795875553,0.7749298655971835,1.0
2.487854663992536,-0.5323581790942149,1.0
