delta (MHz),alpha (pi rad),signal_window (MHz)
-30.60627681814246,-0.9112713874017975,1.0
-12.271812228933129,0.03701717622906653,1.0
