delta (MHz),alpha (pi rad),signal_window (MHz)
60.530951288392345,0.7722804059953439,3.0
112.51031811182574,0.6611326551791707,3.0
42.38394995518988,-0.9691767288369288,3.0
-93.13749235147972,-0.3179208161149638,3.0
-11.154769185387465,-0.11541471516433921,3.0
73.7697425994663,0.5080817779091469,3.0
