delta (MHz),alpha (pi rad),signal_window (MHz)
96.85681913332306,-0.7620041839565792,3.0
84.55426453762186,-0.23304093822570615,3.0
