delta (MHz),alpha (pi rad),signal_window (MHz)
-15.331170858490466,-0.5123297423819633,5.0
-33.288267472322545,-0.47598462940094977,5.0
