delta (MHz),alpha (pi rad),signal_window (MHz)
-26.907232591953687,-0.3256715850802445,7.5
-75.35081065520623,0.49520662536807114,7.5
66.3474525864853,0.9318527282367508,7.5
112.25458740109488,-0.4985722668594823,7.5
