delta (MHz),alpha (pi rad),signal_window (MHz)
-73.47667198970294,-0.5485631368666808,15.0
-42.84035398346428,0.1841873350855383,15.0
