delta (MHz),alpha (pi rad),signal_window (MHz)
-6.872803397783542,0.4836304975125325,2.0
-83.69392583312049,-0.5489444759590076,2.0
