delta (MHz),alpha (pi rad),signal_window (MHz)
-1.0654307152663307,0.4600244614733706,2.5
-30.093599700363644,0.9360572565715579,2.5
6.549898962222805,0.043392833083123916,2.5
21.33842339564947,0.21484913518374316,2.5
-11.6027453708177,0.2299993559923641,2.5
30.849653397326684,0.7913277271090304,2.5
