delta (MHz),alpha (pi rad),signal_window (MHz)
102.22174746976697,0.47164919716668186,3.0
-89.98270664421213,-0.4056544420405521,3.0
