delta (MHz),alpha (pi rad),signal_window (MHz)
-13.973546446903645,-0.6090917108714242,5.0
17.646933923894608,0.6116374520695365,5.0
-2.7382131063876756,0.012585329070929907,5.0
7.611882938664252,0.8950628226274928,5.0
