delta (MHz),alpha (pi rad),signal_window (MHz)
-1.236780848458313,0.42733108964691424,5.0
20.240043215897273,-0.005689899930915621,5.0
-12.663105948321679,0.33258878263814173,5.0
8.96454702148467,-0.7871545333702379,5.0
