delta (MHz),alpha (pi rad),signal_window (MHz)
-13.935036348158906,0.1795998100836378,2.5
14.06359865594763,0.7850857369474464,2.5
-25.733660126050466,-0.16602064181604237,2.5
20.841423215702186,-0.8357728376892288,2.5
