delta (MHz),alpha (pi rad),signal_window (MHz)
91.43455788309655,0.5397389017380827,7.5
-42.427408729717456,-0.5807423945243149,7.5
-61.49523055996083,-0.8842588763694259,7.5
-1.1758565827783372,-0.8453214937701163,7.5
-85.41440352867593,-0.33340262915210284,7.5
-24.15811369242384,-0.2882534760076547,7.5
