delta (MHz),alpha (pi rad),signal_window (MHz)
-60.528871536468245,0.8509182043020111,2.0
91.1304148974165,0.011808649944973215,2.0
