delta (MHz),alpha (pi rad),signal_window (MHz)
-70.41547269777125,-0.3143909235959821,2.0
26.064215450907213,-0.29315905802233555,2.0
