delta (MHz),alpha (pi rad),signal_window (MHz)
-1.9260450877598458,-0.09396950755991629,5.0
23.23389471977609,0.7314697482413877,5.0
41.404304303680334,0.40991899855841174,5.0
57.28951187134113,-0.8462436518585323,5.0
-42.921918564058686,0.4461468510268789,5.0
-29.64350023644404,-0.4668409638884503,5.0
