delta (MHz),alpha (pi rad),signal_window (MHz)
-29.84220033001438,-0.8730373321267577,2.0
54.292968896973576,0.38015335380822246,2.0
