delta (MHz),alpha (pi rad),signal_window (MHz)
-31.78611413356898,-0.6232643088153764,1.0
-19.323253618755977,-0.6918627530951458,1.0
-43.770178787920386,0.958054424742647,1.0
17.079694421293702,-0.4320255485549922,1.0
