delta (MHz),alpha (pi rad),signal_window (MHz)
5.342546317028763,-0.8583794736308816,2.0
-33.955714930159736,0.03336088142552662,2.0
-24.111065231352896,0.8812954335031395,2.0
26.394187316978957,-0.12134551305835184,2.0
