delta (MHz),alpha (pi rad),signal_window (MHz)
-83.9279552667395,-0.023491106831409203,7.5
-25.006462958445056,-0.3626643752609864,7.5
64.63476216796198,-0.17070528074785174,7.5
32.32934494805684,0.845952622382178,7.5
84.78524305103383,-0.7739961658739856,7.5
-63.67108382787848,0.8505953229705103,7.5
