delta (MHz),alpha (pi rad),signal_window (MHz)
22.787378658844744,-0.4366506212961656,2.5
-2.7479844428940368,-0.8499457923286797,2.5
