delta (MHz),alpha (pi rad),signal_window (MHz)
-9.361682611712027,0.9918289720759157,5.0
-27.80381544130276,-0.0780011083698815,5.0
