delta (MHz),alpha (pi rad),signal_window (MHz)
89.67587071352332,0.7709702262291225,2.0
28.200191132191065,0.7840969322583451,2.0
