delta (MHz),alpha (pi rad),signal_window (MHz)
-50.383942057183425,-0.21777625907666542,7.5
-28.49604793398747,0.6132369625909719,7.5
22.237368220449383,0.7831403106589734,7.5
38.87448085994612,0.9223298224643601,7.5
-88.65883862424012,-0.37894305201047973,7.5
79.34345423032579,-0.5626580057806714,7.5
