delta (MHz),alpha (pi rad),signal_window (MHz)
10.44944014899118,0.6172813297425366,2.5
-15.510130904918224,0.5459093827139203,2.5
-24.942966046127857,-0.30835685077499964,2.5
-0.42010655313459466,-0.40542826828398826,2.5
24.666695270618135,0.9441492949225962,2.5
-6.8015972526743305,0.9029780395879998,2.5
