delta (MHz),alpha (pi rad),signal_window (MHz)
-32.33928057207025,0.2907104772572999,5.0
26.27240836844858,-0.07025804510736688,5.0
-2.9398392976807983,0.09242626211443206,5.0
53.6184339229754,-0.5685386053530792,5.0
38.915787958223376,-0.5029786621214201,5.0
-42.87396779250612,-0.8251850020427225,5.0
