delta (MHz),alpha (pi rad),signal_window (MHz)
-30.575406037008243,0.7182590699748348,5.0
9.650516766400969,0.8684096689253273,5.0
41.43419031479861,0.5534986578286658,5.0
-59.7832973965475,-0.9010710468343974,5.0
