delta (MHz),alpha (pi rad),signal_window (MHz)
-83.48096099788084,0.1762734147821119,15.0
19.99443844002046,-0.400303519160375,15.0
