delta (MHz),alpha (pi rad),signal_window (MHz)
-82.15047183318109,0.17372665887144723,3.0
91.51740853470682,-0.7940503845808717,3.0
0.6558660424087748,0.983189423523581,3.0
63.79829837946144,-0.972143831505631,3.0
