delta (MHz),alpha (pi rad),signal_window (MHz)
-82.07609060744193,0.614605509322824,2.0
-31.21068722227188,-0.5148071670315486,2.0
