delta (MHz),alpha (pi rad),signal_window (MHz)
-14.62629665194148,-0.18155863794032667,1.0
-28.111043914984446,-0.03813514737256707,1.0
