delta (MHz),alpha (pi rad),signal_window (MHz)
-116.92104203595548,-0.0013968535369603963,3.0
15.669117612777825,-0.39411497548658425,3.0
-31.004733000729388,-0.6589641541828444,3.0
-107.85940266174087,-0.6844281396001406,3.0
-96.34217129938853,0.025902550880846364,3.0
125.61452205637394,0.4035569855225345,3.0
