delta (MHz),alpha (pi rad),signal_window (MHz)
28.289075781615423,-0.5168112714362909,2.5
-14.969704869611686,0.8179248493157896,2.5
