delta (MHz),alpha (pi rad),signal_window (MHz)
68.152549249874,0.14893825276456418,5.0
-68.91990754584813,-0.1561783142151576,5.0
