delta (MHz),alpha (pi rad),signal_window (MHz)
58.370077718752555,-0.6443414605215028,2.0
-61.167803355569696,0.6209128059231477,2.0
-46.52702353507566,0.5664057378973046,2.0
-50.83670930313128,-0.03726347618237802,2.0
9.039856397581701,0.9070907731778797,2.0
27.579941046407825,0.5938396267018407,2.0
