delta (MHz),alpha (pi rad),signal_window (MHz)
-25.43983484518459,-0.11138320227702114,5.0
16.47810751051083,0.9486913393668228,5.0
