delta (MHz),alpha (pi rad),signal_window (MHz)
60.430937090822454,0.5171719819771639,7.5
15.816284948221522,-0.16832292077476962,7.5
-49.42874968698299,0.981463060805976,7.5
-86.19833222736985,0.6862385745190254,7.5
