delta (MHz),alpha (pi rad),signal_window (MHz)
-110.93554415476737,0.005548837091774894,3.0
82.44033192391856,0.06651795780898873,3.0
24.898184614458245,-0.30280195611191907,3.0
14.875609858320644,0.8066651300848304,3.0
3.5229799873946774,0.1511574284140842,3.0
-100.22617874373663,0.8365183250194967,3.0
