delta (MHz),alpha (pi rad),signal_window (MHz)
-13.834206703715434,0.5045067054889834,1.0
-7.864349124114376,0.9042531860063037,1.0
30.606105128636486,0.5989368592412214,1.0
4.69553334546287,0.09455066628540165,1.0
