delta (MHz),alpha (pi rad),signal_window (MHz)
128.70712713982817,0.22143162467148136,3.0
51.72718613481615,-0.599398487013306,3.0
