delta (MHz),alpha (pi rad),signal_window (MHz)
38.71410195884374,0.7740248431394605,1.0
26.43969992822889,0.381252033276112,1.0
9.987770458009742,0.029088311004801914,1.0
-37.131874740728776,0.5945062739494895,1.0
