delta (MHz),alpha (pi rad),signal_window (MHz)
20.044577987528022,0.6363754524883594,2.5
-12.166400091219888,-0.8316516263513705,2.5
-18.100991846276674,0.5741386060543772,2.5
-2.808155311954991,0.7951396185609172,2.5
