delta (MHz),alpha (pi rad),signal_window (MHz)
72.23492189880653,0.2585024169605197,3.0
-25.266965742965837,-0.42548272681447386,3.0
107.90377089930533,0.10031329939602074,3.0
52.831911194352415,0.9780860608118318,3.0
25.750324966274974,-0.7482661738405083,3.0
101.13069722214618,-0.8858580794389364,3.0
