delta (MHz),alpha (pi rad),signal_window (MHz)
-8.865051752372992,0.614824096118084,5.0
13.748225177635284,-0.9109219154848451,5.0
-19.49194787071572,-0.07367762781592302,5.0
2.736273430178077,-0.1699562780748185,5.0
