delta (MHz),alpha (pi rad),signal_window (MHz)
-22.431737101385984,-0.16951391866217236,2.5
-4.295287212607203,0.24981312814296674,2.5
17.322060671216363,0.16150289691073882,2.5
-15.904298430320463,0.9491376818089157,2.5
23.811454464624845,0.007599425743401111,2.5
31.3720829195912,-0.3915715501191499,2.5
