delta (MHz),alpha (pi rad),signal_window (MHz)
39.37365294340056,0.8008205219242339,2.5
-37.341104288406484,-0.880289442405521,2.5
