delta (MHz),alpha (pi rad),signal_window (MHz)
-46.82757308892941,0.03592114141714231,5.0
34.54527728534558,-0.4135825344638462,5.0
