delta (MHz),alpha (pi rad),signal_window (MHz)
23.543332304718845,-0.23635497031671293,5.0
8.800259709542146,0.7930965912778405,5.0
