delta (MHz),alpha (pi rad),signal_window (MHz)
20.211742280256345,0.4511310818964829,3.0
128.22277791304998,-0.4344903805845002,3.0
