delta (MHz),alpha (pi rad),signal_window (MHz)
-23.179577958743366,0.2825112762461075,1.0
-31.996311334814237,-0.7314543612728603,1.0
24.03664759804593,-0.8981066706125445,1.0
33.154360818132005,-0.8258563998943262,1.0
39.344865910308414,0.1580719382905491,1.0
-34.891686661303645,0.8707198404055907,1.0
