delta (MHz),alpha (pi rad),signal_window (MHz)
0.978744376465059,0.42692842920264096,10.0
-30.949451634429238,-0.00990590294329241,10.0
