delta (MHz),alpha (pi rad),signal_window (MHz)
37.13570326930281,0.8108690558707579,7.5
1.426618101294025,0.8877069902770849,7.5
105.80703797868901,-0.491448492360157,7.5
-101.38979261140251,0.8720673290898207,7.5
