delta (MHz),alpha (pi rad),signal_window (MHz)
5.819321915026734,-0.07387195052279671,3.0
87.13611969105389,-0.8426947526309716,3.0
