delta (MHz),alpha (pi rad),signal_window (MHz)
94.08392419591632,0.5959806730140231,7.5
-33.142681738356416,0.6480684549181792,7.5
-49.354961357910746,-0.7749615094695184,7.5
72.78261976715152,-0.06489610528229495,7.5
44.12122258342768,-0.015249336129684155,7.5
0.8100742297013284,0.8692229317985187,7.5
