delta (MHz),alpha (pi rad),signal_window (MHz)
-31.317579488306002,-0.4957627992497846,2.5
29.758544040440142,-0.470446530763861,2.5
-19.11694834272236,-0.8234128052592873,2.5
10.54586766182667,-0.8952186591728248,2.5
-0.33112236896568703,0.83404243335031,2.5
-7.2918692142155095,-0.7113747156801542,2.5
