delta (MHz),alpha (pi rad),signal_window (MHz)
19.890941076631492,0.14499820080525616,10.0
-25.02434807462368,0.9978478903055463,10.0
43.90886225466801,0.6259487561792136,10.0
-2.1106046352049788,-0.8059662893573181,10.0
