delta (MHz),alpha (pi rad),signal_window (MHz)
-3.3849863086413805,0.8913191118043828,2.5
-36.48199996546505,-0.08909609270486696,2.5
