delta (MHz),alpha (pi rad),signal_window (MHz)
-21.606712317269686,0.637685255000348,5.0
10.800420376404475,-0.13519009754813682,5.0
