delta (MHz),alpha (pi rad),signal_window (MHz)
31.851300250626593,-0.560134270885366,2.5
-11.020454778285625,-0.4258698899751283,2.5
12.356796131904495,0.35312146662584953,2.5
-35.58303215464033,-0.6524795742299854,2.5
