delta (MHz),alpha (pi rad),signal_window (MHz)
33.01600044984616,0.2892951525223735,2.0
-76.78748610374949,-0.9224615476023241,2.0
-10.815605427005735,-0.9485188996338472,2.0
-80.81373063221508,0.4643767796993825,2.0
5.105005836012452,-0.22171228849554803,2.0
-24.844294301259772,-0.8520826051772661,2.0
