delta (MHz),alpha (pi rad),signal_window (MHz)
-3.812936875921366,-0.40086072989738586,3.0
-110.85564160617812,0.6519305016851831,3.0
77.30307234011042,0.682357169957434,3.0
-62.96410187168708,0.004789504377669784,3.0
