delta (MHz),alpha (pi rad),signal_window (MHz)
-30.704727285869915,-0.5207384896269818,5.0
63.38819656396521,0.11977758753849832,5.0
35.65646859789426,-0.9096743219011143,5.0
-17.111677659206045,0.9300633952070412,5.0
4.193915543714411,0.8997394745022917,5.0
-42.19905249234951,-0.4558463768453074,5.0
