delta (MHz),alpha (pi rad),signal_window (MHz)
19.40773696788444,0.30581195516928883,2.5
-26.891296030435,0.9632969344869864,2.5
-36.99128185490726,-0.23854086676863817,2.5
6.1639746357087475,-0.9416138776341436,2.5
