delta (MHz),alpha (pi rad),signal_window (MHz)
33.39330103312466,-0.7391548119255817,7.5
-84.06209348523694,-0.988484789863965,7.5
