delta (MHz),alpha (pi rad),signal_window (MHz)
-3.702321878548908,-0.7812568790141852,1.0
7.552554844996891,0.5223309547667285,1.0
32.638558644069576,-0.8751200458624027,1.0
-24.21542380114548,-0.08602102052016214,1.0
