delta (MHz),alpha (pi rad),signal_window (MHz)
36.12014208764211,-0.371967632621387,7.5
-94.89221560764312,-0.520984930625676,7.5
-16.64211420902656,0.6025829788725436,7.5
89.30976909499233,0.22464891303491719,7.5
-45.92347769931049,0.3318231827469278,7.5
12.538968472345218,0.5150859965714232,7.5
