delta (MHz),alpha (pi rad),signal_window (MHz)
-28.078734164711946,-0.1462487130682013,15.0
7.701090610626025,-0.9305561972768626,15.0
-67.91180823427307,0.6379781446572419,15.0
55.188804652518314,-0.10570747680711667,15.0
