delta (MHz),alpha (pi rad),signal_window (MHz)
2.500289544440289,0.4621880415465689,5.0
-12.35393771290173,0.9631165845123553,5.0
14.350735867567494,0.9783602433917757,5.0
24.926660368684402,-0.9998948431678485,5.0
