delta (MHz),alpha (pi rad),signal_window (MHz)
2.5022458839960393,0.9162452754006101,5.0
49.95884412034364,-0.2675744654418233,5.0
14.485872527424988,-0.6382618170766143,5.0
60.743137766227946,-0.6331821936220436,5.0
-25.635850995811516,0.3211625546138315,5.0
-10.159357918749336,-0.6435587827409146,5.0
