delta (MHz),alpha (pi rad),signal_window (MHz)
40.018456123263974,0.041788556453531855,10.0
-27.265422801626315,0.09927826404137963,10.0
