delta (MHz),alpha (pi rad),signal_window (MHz)
52.43752513250098,0.7120344459432513,15.0
-54.20019691209241,-0.7973265266905192,15.0
