delta (MHz),alpha (pi rad),signal_window (MHz)
24.757910233857956,0.9531144844878054,3.0
-10.581436404597923,-0.3131417231086646,3.0
