delta (MHz),alpha (pi rad),signal_window (MHz)
-19.978893399391787,-0.09139278535400708,2.5
-25.583271948957957,-0.20232258809480985,2.5
4.30131822567111,-0.9972937872846339,2.5
-8.039689059263782,0.9062382888225253,2.5
19.00596119919173,-0.1791814870153492,2.5
-14.177095392540089,-0.5334941422970856,2.5
