delta (MHz),alpha (pi rad),signal_window (MHz)
31.138338603467275,-0.09463063701858454,10.0
-43.95083571593268,-0.30295703366123594,10.0
