delta (MHz),alpha (pi rad),signal_window (MHz)
14.470965941192198,-0.2466805595255419,2.5
3.6731959950169184,0.158375058245118,2.5
