delta (MHz),alpha (pi rad),signal_window (MHz)
63.0083616428353,-0.9162364215548706,5.0
36.13491594496048,-0.9053709851228728,5.0
14.138312083229806,0.3339578422959324,5.0
-59.115719994471796,0.07867936556255506,5.0
