delta (MHz),alpha (pi rad),signal_window (MHz)
-51.470043768527276,0.04301649423584064,7.5
-17.339018244844922,0.04947920257982741,7.5
