delta (MHz),alpha (pi rad),signal_window (MHz)
-36.81170089551863,-0.35701260453663597,2.0
-56.66272435945282,-0.08911745231235124,2.0
49.32386510423757,0.6240632544063294,2.0
3.9464583091321117,-0.050890086944946455,2.0
-16.229137591874718,0.01741303432080632,2.0
67.42448129501074,-0.5395517057439647,2.0
