delta (MHz),alpha (pi rad),signal_window (MHz)
-33.07776135527334,0.02614991703918612,3.0
-74.37083673849395,0.7817782231759347,3.0
-92.11101668093077,0.8394754910006639,3.0
-17.31853365409961,0.2640830656352473,3.0
