delta (MHz),alpha (pi rad),signal_window (MHz)
-58.34127281676592,-0.149604450826329,3.0
-87.69538121000792,0.8234490541708395,3.0
-31.973337499099486,0.6388917001681464,3.0
41.13458896091976,-0.22586083040176996,3.0
115.45909000603044,0.2275104218991213,3.0
-64.55296248186117,-0.8469921665465514,3.0
