delta (MHz),alpha (pi rad),signal_window (MHz)
-47.33787318064714,-0.02747126325384852,10.0
-6.878032131590572,-0.22224877722202652,10.0
21.636550795649114,0.02762855522223795,10.0
45.322915988148,0.211536542208572,10.0
