delta (MHz),alpha (pi rad),signal_window (MHz)
-34.2743890124987,-0.6272470802147747,2.5
22.000487592634357,0.5213349941835339,2.5
