delta (MHz),alpha (pi rad),signal_window (MHz)
-55.79871109083832,-0.7530046595915985,15.0
-94.52148176590255,0.26737327799829314,15.0
