delta (MHz),alpha (pi rad),signal_window (MHz)
17.226550796024668,0.7219587438368029,5.0
6.3015027095076235,0.23286256710343367,5.0
-4.724348151984177,0.7636737949114742,5.0
-24.606246191343622,0.6031817509336594,5.0
