delta (MHz),alpha (pi rad),signal_window (MHz)
-4.132023538702072,0.5348478034397279,15.0
-41.75732903635682,0.9364986083898759,15.0
66.24049350446776,-0.384631998018099,15.0
31.5574429223183,0.4847518073457062,15.0
