delta (MHz),alpha (pi rad),signal_window (MHz)
-41.963459480758644,-0.7461256240493768,1.0
-30.21720697529826,0.23633900464442448,1.0
14.310681840773135,-0.08701818470773892,1.0
2.252766616527218,0.3128593459832547,1.0
41.288478979259025,0.5145235328030402,1.0
6.935892622471123,-0.6973300714962622,1.0
