delta (MHz),alpha (pi rad),signal_window (MHz)
-49.57240886587234,-0.2617175084335748,5.0
-32.86841228614541,0.8964330291411942,5.0
-5.035991597985493,-0.8983502286375897,5.0
38.876045148136924,0.01979480440009529,5.0
57.965666916145764,0.9633267390366733,5.0
-20.952212610877453,0.6289892345689541,5.0
