delta (MHz),alpha (pi rad),signal_window (MHz)
-12.31269243802992,-0.2814238435899734,10.0
-52.043321873111836,0.9705913128258135,10.0
