delta (MHz),alpha (pi rad),signal_window (MHz)
-10.192064913247634,0.6289530560365315,15.0
-69.53980079082194,-0.7369506929953695,15.0
