delta (MHz),alpha (pi rad),signal_window (MHz)
-59.55706047118081,-0.12192320170810755,15.0
35.73464676991662,-0.7012689758805908,15.0
67.39841718484209,0.32186828783185506,15.0
-10.209601501011761,0.2410902941712465,15.0
