delta (MHz),alpha (pi rad),signal_window (MHz)
18.484890867218297,0.46386696049612075,15.0
-68.91229985877331,-0.4883247102233903,15.0
