delta (MHz),alpha (pi rad),signal_window (MHz)
-12.081930383735482,0.7531386920333878,5.0
23.406923570644807,-0.6121541412066918,5.0
