delta (MHz),alpha (pi rad),signal_window (MHz)
-3.0406457297114997,0.9258281058361764,5.0
35.179698287751165,0.32966743914064733,5.0
12.014502181096248,0.5041093146084321,5.0
-41.826941886207045,0.5623887695290788,5.0
