delta (MHz),alpha (pi rad),signal_window (MHz)
61.70109799598947,0.5560719916698149,10.0
-2.296951383872454,0.5048673041131104,10.0
