delta (MHz),alpha (pi rad),signal_window (MHz)
43.26230737579853,0.5160085399090057,1.0
29.48241035083919,-0.7712216444846447,1.0
21.704835461613968,-0.9726164890608666,1.0
24.34860105518557,-0.5399626169418799,1.0
