delta (MHz),alpha (pi rad),signal_window (MHz)
28.446794151319608,-0.47213757833564274,1.0
37.14884053877327,0.7179227361499974,1.0
