delta (MHz),alpha (pi rad),signal_window (MHz)
-42.75733741555697,0.5529755857944814,1.0
25.06432747126439,0.5708170785051976,1.0
38.33802899751477,0.24086186845798996,1.0
-9.144807139078964,-0.42882468648579475,1.0
19.240845625704793,0.9325440670329268,1.0
-34.0328377849211,0.9452251658185882,1.0
