delta (MHz),alpha (pi rad),signal_window (MHz)
-1.034458993254681,-0.755111589357734,2.5
4.189693087717274,0.6789380160182001,2.5
23.171639217910176,0.07569384116582434,2.5
-13.223221759659566,-0.2534201448756177,2.5
29.431393656812908,0.8335386465112862,2.5
12.969348550364323,-0.8366196739612488,2.5
