delta (MHz),alpha (pi rad),signal_window (MHz)
-45.85538486720613,-0.7738632204927158,2.0
56.97140213166486,-0.08308245307546702,2.0
-76.09439778755318,-0.7849357195908846,2.0
-20.39901170922235,-0.0917758557712458,2.0
