delta (MHz),alpha (pi rad),signal_window (MHz)
-83.50485142551382,-0.8554061978970056,2.0
-25.46188334440872,-0.8138173736123246,2.0
