delta (MHz),alpha (pi rad),signal_window (MHz)
-23.511261178205967,0.4524900479755367,10.0
4.722599738683563,0.6493931424318151,10.0
25.95620337592844,-0.8610773562418026,10.0
-47.398124197469606,0.8027548551645451,10.0
