delta (MHz),alpha (pi rad),signal_window (MHz)
-17.035350192721538,-0.9788669596987896,5.0
3.271195226801211,-0.5835479714273981,5.0
22.00208949854155,0.7577262607388242,5.0
-6.940169620271501,0.9979569929120828,5.0
