delta (MHz),alpha (pi rad),signal_window (MHz)
79.22406846774217,-0.9608414892885142,7.5
29.97647547473531,0.4385152249546107,7.5
