delta (MHz),alpha (pi rad),signal_window (MHz)
29.12648404446641,-0.7346278147908365,2.0
91.02664235862807,-0.23314446415264567,2.0
