delta (MHz),alpha (pi rad),signal_window (MHz)
-4.730656682780534,-0.42905880430599774,5.0
40.051607013679686,0.9696484459525949,5.0
-53.111602926185306,-0.5499126974774267,5.0
12.98448745528107,-0.24345564787004292,5.0
25.446782584243437,-0.9696047828890366,5.0
60.324673133610446,-0.29458885662125844,5.0
