delta (MHz),alpha (pi rad),signal_window (MHz)
22.932577836524302,0.6374817470653196,7.5
77.71967366006814,0.6988662960014618,7.5
