delta (MHz),alpha (pi rad),signal_window (MHz)
-39.06884243782375,0.8559137017803125,1.0
29.82618997610622,0.21018870470860462,1.0
0.9836866498293091,0.5585407725287674,1.0
-9.838599039873934,-0.7126828700050916,1.0
-18.34402520666081,0.8725473782025359,1.0
14.177717094550815,0.6327394862450049,1.0
