delta (MHz),alpha (pi rad),signal_window (MHz)
92.07462051622343,-0.3433277986102645,15.0
-41.288762211638215,-0.5830875902587374,15.0
