delta (MHz),alpha (pi rad),signal_window (MHz)
-63.66028370112253,-0.05697451416587418,7.5
-30.27148998128324,0.6176004782301998,7.5
88.22932271089783,-0.7694746402290555,7.5
31.188113297384945,-0.3782454028020721,7.5
10.639236469722846,-0.6621660321013074,7.5
61.613936938288106,-0.10322319675098068,7.5
