delta (MHz),alpha (pi rad),signal_window (MHz)
-13.103255719699114,0.5164510661495167,1.0
18.15222136904336,-0.05870826376856342,1.0
