delta (MHz),alpha (pi rad),signal_window (MHz)
-21.127551036935856,-0.5285723235373276,2.5
31.507130616329363,-0.12122057799929165,2.5
-37.44791964830702,0.43269477762194963,2.5
-12.635497170202047,-0.5913244183829753,2.5
