delta (MHz),alpha (pi rad),signal_window (MHz)
-97.54956307413352,-0.4398815257628863,3.0
11.710699922116845,-0.9533943085828713,3.0
