delta (MHz),alpha (pi rad),signal_window (MHz)
-21.64541136340746,-0.588144841183518,3.0
22.624398041560028,0.9954491519035946,3.0
-121.08841425688426,-0.12951028300706313,3.0
87.7208738035902,-0.5735622091425092,3.0
