delta (MHz),alpha (pi rad),signal_window (MHz)
30.163665079918275,0.5613562660076774,1.0
-6.709946584788796,0.9545105249177539,1.0
