delta (MHz),alpha (pi rad),signal_window (MHz)
80.38692813718006,-0.09419353800342023,2.0
51.15885602483104,0.5691910291947067,2.0
