delta (MHz),alpha (pi rad),signal_window (MHz)
14.002155766945094,0.9662829030442264,2.0
93.42531995472916,-0.4497614486420589,2.0
