delta (MHz),alpha (pi rad),signal_window (MHz)
-101.94435097937773,-0.15554691373274876,7.5
119.99315841723546,0.4084399656953417,7.5
