delta (MHz),alpha (pi rad),signal_window (MHz)
-80.44936639470505,-0.7617735900180385,2.0
-72.69723813886469,0.5745862920532336,2.0
