delta (MHz),alpha (pi rad),signal_window (MHz)
55.3189844905325,-0.48935295993392347,2.0
1.4726333935007005,0.27098430746458657,2.0
76.64157278150657,-0.6371539098528867,2.0
26.59150127528163,-0.9138869883916856,2.0
