delta (MHz),alpha (pi rad),signal_window (MHz)
-48.54770357408555,-0.4551524262977713,5.0
35.72599082503129,-0.9788897219532016,5.0
3.316411510962652,-0.791075350922688,5.0
73.81247374121256,0.45274023372974437,5.0
