delta (MHz),alpha (pi rad),signal_window (MHz)
-66.58833061405389,0.5882320372892129,7.5
29.927334063995332,-0.7489520844077968,7.5
0.7894506049958068,-0.07349345230986848,7.5
-47.747688712894025,-0.9827683815468926,7.5
-28.86100436337331,-0.49690041315281097,7.5
81.0071115802516,0.2288396500370582,7.5
