delta (MHz),alpha (pi rad),signal_window (MHz)
16.304935736375143,0.04516290631575437,5.0
-15.010872342126813,0.3743285909203604,5.0
