delta (MHz),alpha (pi rad),signal_window (MHz)
38.40926058484756,0.22291057033233574,10.0
-36.437954572602074,0.7802240135517047,10.0
16.31907971866758,0.24602048188176173,10.0
-14.397566073075993,0.7201630851659211,10.0
