delta (MHz),alpha (pi rad),signal_window (MHz)
50.25426941154632,-0.3580578461498731,5.0
10.86694829137133,-0.6413081904972213,5.0
