delta (MHz),alpha (pi rad),signal_window (MHz)
0.6341549786649239,0.2935750322939612,1.0
-20.74945091340747,-0.43620622973692846,1.0
29.910361199746532,-0.4624743867404302,1.0
-15.416991162929158,-0.22002045191268849,1.0
40.09670219758628,0.9534159655036449,1.0
37.22744163196931,0.9713528428390021,1.0
