delta (MHz),alpha (pi rad),signal_window (MHz)
42.591438398273596,0.4102688715124132,7.5
-1.9342494302568554,-0.839929611806606,7.5
