delta (MHz),alpha (pi rad),signal_window (MHz)
-22.05252834952853,-0.3422729672677818,2.0
-4.869457068602088,0.5311684977295492,2.0
39.65858211714655,0.6797274846252461,2.0
-16.11200120394848,0.2684296910050248,2.0
