delta (MHz),alpha (pi rad),signal_window (MHz)
17.271750194610874,-0.3170088030823939,5.0
32.100610330237785,-0.1876519289270493,5.0
