delta (MHz),alpha (pi rad),signal_window (MHz)
10.48063900564184,-0.44735499475636575,1.0
-6.446435881233747,0.26209061467477834,1.0
-39.109829235754574,-0.8362632592410331,1.0
-42.159788748455284,-0.0273165666624815,1.0
-33.95093969883662,0.737682659930192,1.0
21.325266935379688,-0.615578541945657,1.0
