delta (MHz),alpha (pi rad),signal_window (MHz)
-12.522682908246061,-0.8618078740211184,2.5
28.30616528619727,-0.48462764632235866,2.5
-36.39766741398503,0.23040924370580784,2.5
-30.67278075860049,0.8770233331784971,2.5
