delta (MHz),alpha (pi rad),signal_window (MHz)
-4.272545453190325,0.9712753693405005,2.5
-36.50450054150239,-0.9737829661284116,2.5
4.996572262444964,-0.08627275684791313,2.5
36.6954636604094,0.6655510968436946,2.5
