delta (MHz),alpha (pi rad),signal_window (MHz)
-11.439502688773928,0.48088482545996936,3.0
-106.7241445056235,-0.7465792125819619,3.0
