delta (MHz),alpha (pi rad),signal_window (MHz)
30.15630680357893,0.0410119906066575,2.0
-2.4187215642627677,-0.22282709511869636,2.0
-20.949996475274645,0.41074093808174705,2.0
17.376348273097037,-0.4454444737942822,2.0
23.980385504140642,-0.3636457038333081,2.0
-48.55370475812135,-0.9405135504997282,2.0
