delta (MHz),alpha (pi rad),signal_window (MHz)
42.43112277248392,-0.659641984807406,2.0
-89.1944185318791,-0.31464654594290264,2.0
65.03019552807282,0.7508404292827637,2.0
37.00537030567345,-0.4349572933341428,2.0
