delta (MHz),alpha (pi rad),signal_window (MHz)
-45.80795106587437,0.3179557939823623,15.0
-3.011487514237288,-0.4464153211699431,15.0
33.88867181327983,-0.6426618595939002,15.0
70.22379504072813,-0.07933498896199542,15.0
