delta (MHz),alpha (pi rad),signal_window (MHz)
-3.0734702473274744,-0.21693940430759762,5.0
9.816117243791048,0.2247854095799935,5.0
