delta (MHz),alpha (pi rad),signal_window (MHz)
-38.62169619561464,0.7029919266975133,10.0
54.355680997568186,0.5876406370762359,10.0
