delta (MHz),alpha (pi rad),signal_window (MHz)
42.732486261129836,0.1077707290998755,15.0
-59.90399365995895,0.2315452254793966,15.0
-0.05638014935466629,-0.8926965558021613,15.0
73.08904322968004,0.3197353517642656,15.0
