delta (MHz),alpha (pi rad),signal_window (MHz)
-19.198502735606777,-0.3786245763891851,5.0
-5.169993640452798,-0.687927241697752,5.0
13.095562958180842,-0.06467297217954715,5.0
23.639406264312072,-0.33518889015033926,5.0
