delta (MHz),alpha (pi rad),signal_window (MHz)
-11.223196024433221,0.6599724492240877,5.0
-44.15002767145211,-0.061809485262564356,5.0
