delta (MHz),alpha (pi rad),signal_window (MHz)
19.121532193085976,0.8552504395368656,1.0
3.8477101115153403,0.2616366533166068,1.0
-24.507788133577716,0.5257196416294063,1.0
-31.665277530782973,-0.9096829296035722,1.0
25.15428502198209,0.44074211719997813,1.0
34.360840034364145,-0.9722541365694279,1.0
