delta (MHz),alpha (pi rad),signal_window (MHz)
-43.97742708454161,-0.07675666757583932,10.0
27.802353817375106,-0.5396843414370749,10.0
-15.289194078535886,-0.5763412629369911,10.0
5.84227318984891,0.11564587373267177,10.0
