delta (MHz),alpha (pi rad),signal_window (MHz)
-18.879102666943687,0.15131378337824364,2.5
-7.527369292982879,-0.3866388932688296,2.5
-23.991746360383758,0.38277125625015196,2.5
23.17374555746197,-0.12422710441228224,2.5
-32.20146698290575,-0.3293284792945679,2.5
-0.23952960234373677,-0.49646300846547575,2.5
