delta (MHz),alpha (pi rad),signal_window (MHz)
-12.168660236123003,-0.5332523095292125,5.0
27.64140156982681,-0.22944847739985685,5.0
