delta (MHz),alpha (pi rad),signal_window (MHz)
7.202356546701985,-0.7025098562845697,1.0
0.4208575721564287,-0.27504573395800525,1.0
-17.114611453623485,0.5705754460136394,1.0
37.62891469367074,0.631646701290417,1.0
29.144479824829475,-0.4976213311495963,1.0
-36.227704363428664,0.54716770825014,1.0
