delta (MHz),alpha (pi rad),signal_window (MHz)
-52.17918325945517,-0.39018604450140026,15.0
68.37413106605953,0.10176698780295723,15.0
14.195119870566089,-0.4905414152010401,15.0
-21.257675949916376,0.6662189500021967,15.0
