delta (MHz),alpha (pi rad),signal_window (MHz)
-44.435864598171335,0.5404029053207831,2.0
11.80645989384513,-0.2085454899245176,2.0
-70.66692870166678,0.9714756702103073,2.0
64.53725042657211,0.7981716676273596,2.0
-82.21573686562078,0.6836491369091802,2.0
38.88558801631001,-0.1943749707528648,2.0
