delta (MHz),alpha (pi rad),signal_window (MHz)
-43.59206877288092,0.7157455800493262,2.0
-80.23664678049548,-0.005284448132220065,2.0
-58.486528413382615,0.47975588001957004,2.0
33.70110759872966,-0.5882823138751385,2.0
