delta (MHz),alpha (pi rad),signal_window (MHz)
-10.866726258740698,0.9392782916547084,1.0
-1.2187975767826131,-0.6479621789508212,1.0
