delta (MHz),alpha (pi rad),signal_window (MHz)
-47.82512814606405,0.8185400955610169,10.0
44.2411064799435,0.1288682182180505,10.0
-4.910062021310722,-0.9831098212903626,10.0
19.069771641738427,0.562710288886701,10.0
