delta (MHz),alpha (pi rad),signal_window (MHz)
123.63347306317647,0.6800475759218898,3.0
66.14462020841242,0.8137152652652173,3.0
116.5912392948427,0.5769484221008019,3.0
107.24419456677097,-0.869714749400905,3.0
81.8578102739329,0.5581347519396358,3.0
-92.68654084867006,-0.4436918433245327,3.0
