delta (MHz),alpha (pi rad),signal_window (MHz)
-17.66145202866696,0.43134227302757644,2.5
8.36526271616006,-0.6396497939572161,2.5
16.189827057973027,0.23367777228505182,2.5
-8.941914477072636,-0.3502279087605453,2.5
31.059499762147453,0.7104691886396097,2.5
-29.383307242104276,-0.6730089281290741,2.5
