delta (MHz),alpha (pi rad),signal_window (MHz)
-0.5035765554653935,-0.3443799041005231,1.0
14.472245516661765,0.8517946203890105,1.0
