delta (MHz),alpha (pi rad),signal_window (MHz)
-34.260289370274336,-0.7172289561460241,5.0
-54.13268984365237,0.24666317880384203,5.0
