delta (MHz),alpha (pi rad),signal_window (MHz)
-6.911520318356963,-0.9108216209856912,5.0
-25.44592517248212,0.7766918812626704,5.0
