delta (MHz),alpha (pi rad),signal_window (MHz)
21.318100374462887,-0.6309093815893347,1.0
-8.93956492239247,0.8012503639271957,1.0
38.79186406392182,0.4914662744926275,1.0
-4.248481702859237,-0.8251146817722461,1.0
4.142266695512511,-0.40284480596810157,1.0
-24.619853494854663,0.7088480563033004,1.0
