delta (MHz),alpha (pi rad),signal_window (MHz)
38.21451042259554,-0.6665837401488772,10.0
-36.45422001629787,0.5352281888731976,10.0
7.4406432904452515,0.44033628331953234,10.0
-12.687322662197829,-0.7351134728844211,10.0
