delta (MHz),alpha (pi rad),signal_window (MHz)
-23.035787621371135,-0.07411733707448631,5.0
-0.8435139945820467,0.6190414062133835,5.0
10.905608526197689,0.20820271383780065,5.0
-10.958582848320052,-0.9673015882773786,5.0
