delta (MHz),alpha (pi rad),signal_window (MHz)
-57.7261107522357,0.6502051105621853,15.0
35.015684131874806,0.5734322200680975,15.0
72.24905731643543,0.8242224463602223,15.0
-15.875194528769761,0.9745521546334706,15.0
