delta (MHz),alpha (pi rad),signal_window (MHz)
36.226661783772514,-0.8624601983273952,2.5
0.679337787872285,0.29927129530163765,2.5
-28.503687790012087,0.0703435459865549,2.5
19.076364547885348,0.40825772256501747,2.5
