delta (MHz),alpha (pi rad),signal_window (MHz)
-87.27484120510663,0.8234988490453428,7.5
92.82272358846501,0.6475441795029881,7.5
-49.686228222081894,0.3405174576312311,7.5
35.690712382286904,0.9761779666357193,7.5
