delta (MHz),alpha (pi rad),signal_window (MHz)
23.873327693456282,-0.09719287975917679,2.5
12.350780365151273,0.8206561608192962,2.5
1.0791866763279288,-0.6114681799986965,2.5
-30.581226071856918,0.9117870516610469,2.5
-23.420976859157005,-0.9318669373844577,2.5
30.17380997334439,0.7450847892175525,2.5
