delta (MHz),alpha (pi rad),signal_window (MHz)
-2.478028440880699,0.7663545479598759,5.0
-13.723178565515399,-0.05031950791297657,5.0
10.382074040794137,0.35143594888827856,5.0
23.132917204929015,0.39800314468853326,5.0
