delta (MHz),alpha (pi rad),signal_window (MHz)
-24.59205465139381,-0.4630436590338327,2.0
-53.91515226159486,-0.7881138266380092,2.0
60.78843021058222,0.7979957009617586,2.0
47.23023048903832,-0.32162476632340153,2.0
