delta (MHz),alpha (pi rad),signal_window (MHz)
9.010996383911817,-0.496987166734254,3.0
-125.2421336926761,-0.13121365849669253,3.0
-75.30315214700695,0.4647689116293279,3.0
77.5315111499213,0.921998708531421,3.0
-52.074554954499376,0.07994932587773218,3.0
93.45075637704454,0.8189343678222694,3.0
