delta (MHz),alpha (pi rad),signal_window (MHz)
22.786094171424963,0.7633751265474082,1.0
0.274122484705849,0.6614702684780149,1.0
7.069220554516235,0.9432056091275196,1.0
-26.343013392883233,-0.5049561929411286,1.0
20.527447560423745,-0.5518756413852448,1.0
9.933632402407724,0.9654632948716328,1.0
