delta (MHz),alpha (pi rad),signal_window (MHz)
-24.5750516401229,0.6537955347571589,2.0
52.20541756893033,-0.5166788936785238,2.0
5.417204789282209,-0.48329159534263777,2.0
-38.61061658129242,0.4330555728509615,2.0
-13.880945286249897,0.7396858644492936,2.0
-73.16901063416739,0.4972748730362331,2.0
