delta (MHz),alpha (pi rad),signal_window (MHz)
21.884222548833677,-0.5514167796100911,15.0
-103.02689467328783,0.9456491204837498,15.0
