delta (MHz),alpha (pi rad),signal_window (MHz)
25.5081516188052,0.8561732783574325,5.0
3.143728781184919,0.9679732581799594,5.0
-22.87738064707395,0.2716381307112541,5.0
58.77089097124748,0.42016688540053027,5.0
-48.83150065695422,-0.8833554394972014,5.0
-7.440199196236328,0.40020274331371075,5.0
