delta (MHz),alpha (pi rad),signal_window (MHz)
20.782093225306895,0.554622916058352,5.0
-0.2897503548934246,0.10271464051018908,5.0
10.617448864718739,0.6129278825440359,5.0
-16.773525646467334,0.8152426764856142,5.0
