delta (MHz),alpha (pi rad),signal_window (MHz)
34.68475071128316,0.258005969105229,10.0
3.354275149515985,-0.5252382983213917,10.0
-46.67412343345136,-0.3556822214972828,10.0
-16.95533914431885,0.41481490683765054,10.0
