delta (MHz),alpha (pi rad),signal_window (MHz)
39.658126447153734,0.392054115723806,5.0
-69.43139443263392,-0.2114125525035071,5.0
