delta (MHz),alpha (pi rad),signal_window (MHz)
79.59270205599628,0.5849411891933125,2.0
-41.404266329256835,-0.6467474195005425,2.0
