delta (MHz),alpha (pi rad),signal_window (MHz)
32.397869274527466,0.962690007708076,1.0
24.6895376369245,0.5542730713844093,1.0
-33.50095830150795,0.4551936480044618,1.0
-4.62878910818015,-0.33733932336607064,1.0
