delta (MHz),alpha (pi rad),signal_window (MHz)
52.22725484181831,-0.5671720444778452,5.0
-45.060488652922444,-0.03312666167800149,5.0
