delta (MHz),alpha (pi rad),signal_window (MHz)
-77.5471683579224,-0.13379644409025282,7.5
101.67130838197866,0.8352113348846366,7.5
47.947843870530704,-0.19962457538328504,7.5
84.26556394961963,0.9020781412000218,7.5
