delta (MHz),alpha (pi rad),signal_window (MHz)
12.234661871988862,0.77989436730706,15.0
-31.6635427849072,0.05037915914713964,15.0
57.79317344203824,-0.7064176941618747,15.0
-73.78898207849093,0.055530443175007216,15.0
