delta (MHz),alpha (pi rad),signal_window (MHz)
-104.6205099739245,-0.4320238103450793,7.5
-25.008210320441506,-0.17862910727872938,7.5
84.68269368260479,0.9420328339317177,7.5
28.280968171745513,0.7114828104967861,7.5
