delta (MHz),alpha (pi rad),signal_window (MHz)
-94.87369465000492,0.5118666744946019,7.5
-12.6465440370323,0.9829799542217179,7.5
