delta (MHz),alpha (pi rad),signal_window (MHz)
-47.734002350235514,-0.12043123453631788,7.5
-91.7894079829319,0.09786761568443336,7.5
