delta (MHz),alpha (pi rad),signal_window (MHz)
15.640830551913496,0.22363746477213553,2.0
22.372149211260947,0.06543055071856219,2.0
26.628089467631938,0.6674537180347253,2.0
40.93848644074569,-0.25844009716521477,2.0
-57.737398156999234,-0.4889246781154706,2.0
-14.55224493865235,0.7927800634352569,2.0
