delta (MHz),alpha (pi rad),signal_window (MHz)
-105.50123165539392,-0.09262681607144696,3.0
-91.50043468413926,-0.922113834648133,3.0
119.33265857052137,0.9253690126657224,3.0
86.81599728770578,-0.11164280586057962,3.0
-60.74758678749936,-0.057525896200361526,3.0
-128.19200902107715,0.14002389859104536,3.0
