delta (MHz),alpha (pi rad),signal_window (MHz)
-77.24713218199443,0.701140327860954,3.0
68.8202605282068,0.6067359517525936,3.0
58.76033027229411,-0.6670315880196438,3.0
42.286434793751994,-0.6907530484466184,3.0
