delta (MHz),alpha (pi rad),signal_window (MHz)
-10.639924292198586,0.8039230741488876,7.5
15.120790844190566,0.3559870419283053,7.5
-54.25386721040767,0.35011000961850436,7.5
34.66439081279333,-0.7669880230028483,7.5
