delta (MHz),alpha (pi rad),signal_window (MHz)
-32.66156072115467,-0.5767597124327637,3.0
-114.16598020381085,-0.2889095882392949,3.0
-23.217533741694936,-0.1366330072560329,3.0
-4.2461255038406875,-0.3575135510938112,3.0
