delta (MHz),alpha (pi rad),signal_window (MHz)
41.74922235217244,0.5470333216327319,7.5
-72.93363410545763,-0.9052281624989302,7.5
95.36409072491489,0.9603985165268569,7.5
-30.440277733051587,-0.8316348040304398,7.5
