delta (MHz),alpha (pi rad),signal_window (MHz)
-14.498526634757276,0.2912202274968412,2.5
26.797723731324147,-0.5676613473289065,2.5
-5.34888525484557,0.5918311702377808,2.5
-31.01074761892918,-0.2959469167150732,2.5
1.2540167838856817,0.8323178377453366,2.5
8.855591700973086,-0.1589861704312745,2.5
