delta (MHz),alpha (pi rad),signal_window (MHz)
10.49997315665783,-0.27364902259233315,1.0
24.210539744573722,-0.8701922487372982,1.0
-40.876247808772156,-0.8238724045046959,1.0
6.285147270973972,-0.30836765872718197,1.0
