delta (MHz),alpha (pi rad),signal_window (MHz)
-0.39683190427449233,-0.2684339160793381,5.0
22.30624489543606,-0.39859009277068935,5.0
10.969993732879729,0.9325559546912108,5.0
-22.910593345173872,-0.6265117096364714,5.0
