delta (MHz),alpha (pi rad),signal_window (MHz)
3.497889128660127,-0.35067565192797767,2.5
-14.97049818950049,0.08062707487902965,2.5
