delta (MHz),alpha (pi rad),signal_window (MHz)
-54.11278716915727,-0.705256388718662,10.0
25.88030217573821,-0.11572430949168289,10.0
