delta (MHz),alpha (pi rad),signal_window (MHz)
-113.84078619350416,0.2150217142848576,3.0
91.12154611866629,-0.5362450697627004,3.0
-66.87793519364763,-0.5737741524983861,3.0
-57.32527111985539,0.005482909417876547,3.0
17.00638519066024,0.6858767255370859,3.0
-35.552669972192746,0.8241000662994147,3.0
