delta (MHz),alpha (pi rad),signal_window (MHz)
-40.548051788275544,0.09162489853412725,7.5
-65.44225692424854,0.6464505991804279,7.5
44.425028315502715,-0.6858910579217017,7.5
-106.61704953111196,0.996019040059662,7.5
