delta (MHz),alpha (pi rad),signal_window (MHz)
24.217467056364896,-0.7277907105280583,10.0
-43.872620548666376,-0.07476252104883452,10.0
4.1319739061902325,0.3863078499821988,10.0
45.16047618534715,-0.48734715019871855,10.0
