delta (MHz),alpha (pi rad),signal_window (MHz)
112.02537645707591,-0.8931254245437577,3.0
39.97003877808328,0.856357258439135,3.0
-112.26229331956594,-0.8029831267797807,3.0
-44.72924155813443,-0.537087908754857,3.0
78.19929303333495,0.5931466880995444,3.0
71.91394779456044,-0.13972011315365696,3.0
