delta (MHz),alpha (pi rad),signal_window (MHz)
-6.260831701093821,0.5919953998169243,3.0
53.14553393455617,0.7544610412935195,3.0
-75.899137659362,-0.8833435848023281,3.0
-90.3217637646031,0.9456766593927868,3.0
-60.964862722397385,-0.8965427109815447,3.0
75.7040724176452,-0.15738947657605862,3.0
