delta (MHz),alpha (pi rad),signal_window (MHz)
96.28675310840364,0.7877857254105254,3.0
33.27958347910317,0.9988875826235948,3.0
-65.00723079973034,-0.3697115767395456,3.0
-2.4111236244889653,-0.7921632674123047,3.0
