delta (MHz),alpha (pi rad),signal_window (MHz)
-22.4318506612407,0.27885858282501985,2.5
-28.337807719559343,0.5651263852284576,2.5
13.869356189162673,0.5147710627862505,2.5
23.926937884494798,0.43182946226674734,2.5
