delta (MHz),alpha (pi rad),signal_window (MHz)
12.107526037016754,0.8584189619495297,5.0
63.2234897182513,0.35508318871721656,5.0
-48.330804962241174,-0.19063907428338145,5.0
-38.15841266982713,-0.7459168741524216,5.0
34.8098991241818,0.6930135569541809,5.0
-60.64470640209949,0.5450598285136949,5.0
