delta (MHz),alpha (pi rad),signal_window (MHz)
22.119507884822696,0.5844452434851923,2.0
60.44394961818924,-0.832894786056187,2.0
-78.2512929906127,0.23821848273819946,2.0
-62.12706067643299,-0.6540586441804284,2.0
