delta (MHz),alpha (pi rad),signal_window (MHz)
7.169769027340443,0.7943833806476501,10.0
-16.24893580949913,-0.8069130252325265,10.0
49.97720541183092,0.30792132667385697,10.0
-48.01532478556506,-0.9803250843019506,10.0
