delta (MHz),alpha (pi rad),signal_window (MHz)
16.127456185990496,-0.7344620490700922,2.5
34.99377178743717,0.473941828276607,2.5
