delta (MHz),alpha (pi rad),signal_window (MHz)
-45.19159483955555,-0.24756458922419,7.5
-27.156792251092853,0.055046725989934986,7.5
-9.493540266328282,-0.7639858022644732,7.5
11.34876119781417,0.08964347131418382,7.5
84.50203837214687,-0.8399472662491432,7.5
67.62754554027288,-0.8855998328722143,7.5
