delta (MHz),alpha (pi rad),signal_window (MHz)
78.0327420221243,-0.19536707410846899,7.5
31.863995150177715,0.5138975966245101,7.5
-31.240360002793807,0.603986213452945,7.5
-91.19552869456886,-0.8040754686518139,7.5
95.13082122816783,-0.8384588438892633,7.5
-72.6719372099383,0.4509972966715201,7.5
