delta (MHz),alpha (pi rad),signal_window (MHz)
-24.39860300286105,0.7249022930010565,5.0
13.040775341035868,-0.3933160994536562,5.0
-11.872326892123052,0.9364849470579273,5.0
0.600393905447099,-0.6624795035503273,5.0
