delta (MHz),alpha (pi rad),signal_window (MHz)
43.93617058711436,0.36728346583912264,5.0
22.3298272346063,-0.33548260665691076,5.0
