delta (MHz),alpha (pi rad),signal_window (MHz)
-18.728213982062286,0.014416796598285098,5.0
-70.17667203203996,-0.733133661971455,5.0
