delta (MHz),alpha (pi rad),signal_window (MHz)
8.186194674849133,0.4530810560436018,7.5
92.72735377195707,0.8123955218749679,7.5
