delta (MHz),alpha (pi rad),signal_window (MHz)
22.55858232598024,-0.3414497151897773,5.0
-16.624311233209426,0.39151686438521294,5.0
