delta (MHz),alpha (pi rad),signal_window (MHz)
-39.14285038783682,-0.5267338845855503,2.0
26.717118094952312,-0.8038214498742728,2.0
