delta (MHz),alpha (pi rad),signal_window (MHz)
-29.193717236882236,-0.07229732205201023,2.5
12.245706335267784,0.8068783218928233,2.5
-4.377449382743521,-0.024003651834734185,2.5
4.777078845556289,-0.10482218752964623,2.5
