delta (MHz),alpha (pi rad),signal_window (MHz)
-33.04926175458326,0.9177586792205352,2.0
48.26383317382974,0.9867499571049949,2.0
