delta (MHz),alpha (pi rad),signal_window (MHz)
6.385830854393475,-0.2176824240166979,7.5
70.98186199092524,-0.4058761342228472,7.5
