delta (MHz),alpha (pi rad),signal_window (MHz)
76.72989046328658,0.8895456295303363,3.0
-0.6133271303487788,-0.5984099837551753,3.0
