delta (MHz),alpha (pi rad),signal_window (MHz)
5.84733428167803,0.061149515809094224,10.0
-20.234604563361508,0.09335705771418978,10.0
