delta (MHz),alpha (pi rad),signal_window (MHz)
-94.36931279303417,0.09284404257373358,3.0
-126.09488779809357,-0.7273287632305778,3.0
