delta (MHz),alpha (pi rad),signal_window (MHz)
19.10106794157,0.5700969655185775,5.0
32.88465338919501,-0.2884350239876221,5.0
