delta (MHz),alpha (pi rad),signal_window (MHz)
70.6730154552159,-0.12346263011921632,2.0
57.626686425175166,-0.19888695649028443,2.0
