delta (MHz),alpha (pi rad),signal_window (MHz)
51.58171362838104,-0.8185880506244692,10.0
-5.623846363901549,0.6390533148350497,10.0
