delta (MHz),alpha (pi rad),signal_window (MHz)
72.73127451149855,0.7710185875635336,7.5
98.33446371536732,0.849199796327708,7.5
