delta (MHz),alpha (pi rad),signal_window (MHz)
-26.698188458738244,0.7035881155626535,2.0
-33.255068216805334,0.6263267688504877,2.0
