delta (MHz),alpha (pi rad),signal_window (MHz)
45.252065209933974,-0.6561877118235475,10.0
-12.430046838671458,0.6954763415482772,10.0
