delta (MHz),alpha (pi rad),signal_window (MHz)
33.93251481329314,-0.09878909043644568,1.0
20.103030849886366,-0.40504595420999956,1.0
