delta (MHz),alpha (pi rad),signal_window (MHz)
-54.51083098408161,-0.7819298651481368,7.5
50.67269928324052,-0.10579111953755982,7.5
