delta (MHz),alpha (pi rad),signal_window (MHz)
34.14101819329082,0.14185264020216692,15.0
-26.16458665198418,-0.02398144613435127,15.0
