delta (MHz),alpha (pi rad),signal_window (MHz)
116.39912991750941,-0.5251520412219486,3.0
97.28108098449474,0.11753755183022219,3.0
