delta (MHz),alpha (pi rad),signal_window (MHz)
12.082097478574262,-0.016468445354560268,5.0
-4.584458230995359,-0.9218336991591907,5.0
-23.922123172807048,-0.357926027456974,5.0
24.067600759163618,-0.8941050130675883,5.0
