delta (MHz),alpha (pi rad),signal_window (MHz)
15.83178420719885,0.43239705494207215,5.0
27.134139474322765,-0.7914479502995131,5.0
