delta (MHz),alpha (pi rad),signal_window (MHz)
-14.995423937313404,0.0028373442085138922,1.0
-38.98732372666632,0.6273273423560148,1.0
