delta (MHz),alpha (pi rad),signal_window (MHz)
33.60990030494459,0.6432937196908732,1.0
44.34681112816476,0.11921417263380096,1.0
