delta (MHz),alpha (pi rad),signal_window (MHz)
37.599768697797415,0.8652226029221946,1.0
-37.827010089298184,-0.7867457212815951,1.0
19.04655071407184,-0.9465226089323862,1.0
43.41476329292341,0.22250848613388308,1.0
