delta (MHz),alpha (pi rad),signal_window (MHz)
-64.40201631684977,0.6867940909246817,15.0
79.15039384289787,0.5029695090363855,15.0
