delta (MHz),alpha (pi rad),signal_window (MHz)
87.54722161514368,0.0026521317160044244,15.0
31.607007364713724,0.8615856426292929,15.0
