delta (MHz),alpha (pi rad),signal_window (MHz)
-104.62782054399665,-0.25825409039331193,15.0
-54.60234699879839,-0.635748658274994,15.0
