delta (MHz),alpha (pi rad),signal_window (MHz)
25.984438934305928,0.8757808791732531,1.0
35.48398311980053,0.4679935012743477,1.0
-9.80489238484666,0.9363821590660582,1.0
10.991989906804292,0.28454280439839685,1.0
