delta (MHz),alpha (pi rad),signal_window (MHz)
33.55516200800949,-0.23747815955045204,2.5
-28.707341971581602,0.023464723637139917,2.5
-0.4015630303705606,-0.17778999901170733,2.5
-9.549625118133257,0.9950717882365299,2.5
