delta (MHz),alpha (pi rad),signal_window (MHz)
-20.292565723290153,0.7302742217829823,5.0
38.27342277814466,-0.4772948553415113,5.0
