delta (MHz),alpha (pi rad),signal_window (MHz)
30.802115635647667,0.5809664837945245,5.0
72.7619719512673,-0.31714893868822136,5.0
