delta (MHz),alpha (pi rad),signal_window (MHz)
29.218589106772015,0.022349088934760175,1.0
6.211356160282108,0.019442647167698723,1.0
26.082282875422095,-0.6039823475415056,1.0
23.295544262543743,0.7723797835172033,1.0
