delta (MHz),alpha (pi rad),signal_window (MHz)
60.29500516041256,-0.7780420127705554,10.0
-60.98748441937779,-0.1357120234417386,10.0
