delta (MHz),alpha (pi rad),signal_window (MHz)
77.27068228943406,-0.37591082085240357,15.0
-39.12840511877657,-0.3490012099115434,15.0
