delta (MHz),alpha (pi rad),signal_window (MHz)
-14.096808804787884,0.8504404150136566,1.0
0.826506174321537,0.6439023247135767,1.0
