delta (MHz),alpha (pi rad),signal_window (MHz)
17.45283452976946,-0.8630361192469063,5.0
1.2765623890697384,0.823947631009881,5.0
