delta (MHz),alpha (pi rad),signal_window (MHz)
-15.148660098832558,0.9103545950174678,2.5
-40.24172368928791,0.0036619302066036585,2.5
