delta (MHz),alpha (pi rad),signal_window (MHz)
-72.32313813317029,0.7985826861285175,15.0
-7.945440775640037,0.4063988744515501,15.0
