delta (MHz),alpha (pi rad),signal_window (MHz)
9.152764623847958,-0.5981182295857095,2.5
-16.909443581274676,-0.13594579158197617,2.5
-7.887258618865658,0.5856559190259785,2.5
-22.073656191699953,-0.7634021017194621,2.5
