delta (MHz),alpha (pi rad),signal_window (MHz)
52.213394363891496,0.30092407011357314,5.0
-59.907253893487194,-0.7270078764019781,5.0
