delta (MHz),alpha (pi rad),signal_window (MHz)
39.228184559761544,0.12010200965495321,2.5
1.2435086713925543,0.1443246036643635,2.5
