delta (MHz),alpha (pi rad),signal_window (MHz)
-31.898352011999073,-0.5806276947937583,10.0
56.919505213427556,-0.9010103622061458,10.0
