delta (MHz),alpha (pi rad),signal_window (MHz)
-25.434293261489398,-0.303369396357827,1.0
31.504809134081782,-0.25680231078851823,1.0
26.413481896752486,-0.5730246089458959,1.0
-28.216721191623478,-0.16519583240199243,1.0
