delta (MHz),alpha (pi rad),signal_window (MHz)
68.25861913392714,0.5155265662815478,5.0
46.344724370390736,-0.2580416358294815,5.0
