delta (MHz),alpha (pi rad),signal_window (MHz)
-5.394793681214672,0.5463679901697123,5.0
15.196442781473031,-0.12008481952974637,5.0
