delta (MHz),alpha (pi rad),signal_window (MHz)
-101.25764459479679,-0.9669048028625098,7.5
-18.63953553298896,0.4330778016028445,7.5
