delta (MHz),alpha (pi rad),signal_window (MHz)
17.22558724996935,-0.8377605138326198,10.0
-60.312630966324434,-0.3441541067160707,10.0
