delta (MHz),alpha (pi rad),signal_window (MHz)
27.463893268326757,-0.11625691073417443,1.0
-37.86858469493366,0.6430031772003646,1.0
