delta (MHz),alpha (pi rad),signal_window (MHz)
26.204316424747617,-0.3003226742374483,2.5
16.14645448014869,0.4583477079178162,2.5
-21.83921336885014,0.31593240827052615,2.5
-29.10175963437471,0.0839889402364653,2.5
