delta (MHz),alpha (pi rad),signal_window (MHz)
-6.927217076588526,-0.43192309066783263,2.5
-41.89636140985879,0.3712650404121014,2.5
