delta (MHz),alpha (pi rad),signal_window (MHz)
-10.42852354061748,0.8542448823906121,5.0
28.17571102698482,0.09005235746653639,5.0
