delta (MHz),alpha (pi rad),signal_window (MHz)
101.22625873924122,-0.0658596755558063,3.0
-117.11347593453601,-0.6312201897069221,3.0
