delta (MHz),alpha (pi rad),signal_window (MHz)
19.37131847626614,0.8109504443597377,2.5
-27.645706849576865,0.22709577711286477,2.5
10.153072362213045,-0.24619914122010766,2.5
37.03767506988899,-0.5801999157018989,2.5
