delta (MHz),alpha (pi rad),signal_window (MHz)
10.959724762886253,-0.914535891777237,5.0
-1.698039570621603,-0.1834556267881522,5.0
-15.816661042863206,-0.5910865362061233,5.0
24.28573339517525,-0.6363529481712094,5.0
