delta (MHz),alpha (pi rad),signal_window (MHz)
-44.31824837486915,0.2914387874520947,1.0
-33.2114521113818,-0.7829007851145187,1.0
36.12724533216526,-0.1687222217055826,1.0
8.434378353067963,0.6856085407167829,1.0
