delta (MHz),alpha (pi rad),signal_window (MHz)
-8.630774173571545,0.8591397510176073,5.0
-27.97090014806341,-0.37976064476831706,5.0
