delta (MHz),alpha (pi rad),signal_window (MHz)
85.44931710093721,-0.141055730702768,3.0
-112.43535186501863,-0.24422640492481684,3.0
