delta (MHz),alpha (pi rad),signal_window (MHz)
4.699652277556474,-0.764232335098584,2.5
16.790684834754963,0.7469940880855297,2.5
-26.43659208187397,-0.8034478708238622,2.5
-1.4056547277407319,-0.12913503147152383,2.5
