delta (MHz),alpha (pi rad),signal_window (MHz)
35.348645373233495,0.47386284532710077,1.0
28.91840506185315,0.6202781164986395,1.0
