delta (MHz),alpha (pi rad),signal_window (MHz)
-30.2584294570663,-0.39776508116000153,1.0
-38.26332603709149,0.5542439473140459,1.0
