delta (MHz),alpha (pi rad),signal_window (MHz)
0.7786948830792824,0.8966133192758263,1.0
-1.604119141880048,0.2712300307335609,1.0
