delta (MHz),alpha (pi rad),signal_window (MHz)
-16.341565186837443,-0.6991941450730863,15.0
52.0621319552441,-0.39849300450945035,15.0
