delta (MHz),alpha (pi rad),signal_window (MHz)
-83.68235079777457,-0.43708594980240334,2.0
-52.102161769232616,0.13630866208061532,2.0
