delta (MHz),alpha (pi rad),signal_window (MHz)
7.349292855360645,0.4278990491794141,5.0
-10.783313892746243,0.5566831626403133,5.0
