delta (MHz),alpha (pi rad),signal_window (MHz)
-119.07144120090028,-0.7791090878086333,3.0
-48.31071251247127,-0.8457920649381334,3.0
