delta (MHz),alpha (pi rad),signal_window (MHz)
81.05880403916794,-0.38854617523815627,2.0
-92.08661507896676,0.07691709901553012,2.0
