delta (MHz),alpha (pi rad),signal_window (MHz)
-6.8146978896836785,0.7014063527971024,2.5
-41.10373373346134,0.19765018190151795,2.5
