delta (MHz),alpha (pi rad),signal_window (MHz)
-112.73778700134213,-0.4470118696586123,7.5
-4.291645134657216,-0.5273541363423091,7.5
