delta (MHz),alpha (pi rad),signal_window (MHz)
16.046257796299514,0.4043700265975674,2.5
-28.4533364045839,-0.4220755669608667,2.5
-23.02957761990575,0.19222868907301893,2.5
6.180965796173098,0.3684120688421286,2.5
