delta (MHz),alpha (pi rad),signal_window (MHz)
117.18693605314166,-0.8918716124139481,7.5
-126.051285738497,-0.3912840742044872,7.5
