delta (MHz),alpha (pi rad),signal_window (MHz)
24.252295423229,-0.019205006273472547,1.0
16.355390074984683,-0.9897901893430012,1.0
-38.65227448173062,-0.9110583840600166,1.0
-32.59223531202697,-0.3968120817728611,1.0
