delta (MHz),alpha (pi rad),signal_window (MHz)
74.66593679704627,-0.11059410251040336,5.0
-70.98772780527185,-0.5290311426722534,5.0
