delta (MHz),alpha (pi rad),signal_window (MHz)
17.22384698436815,0.44173672552406473,5.0
-25.238199744178047,-0.46398904631109406,5.0
