delta (MHz),alpha (pi rad),signal_window (MHz)
-93.87995644731633,0.7172126493301865,3.0
-127.38516493433487,-0.0919672136637446,3.0
