delta (MHz),alpha (pi rad),signal_window (MHz)
54.7009356956132,0.7063382311395543,10.0
-64.52766514841579,0.07081089250543227,10.0
