delta (MHz),alpha (pi rad),signal_window (MHz)
-20.46790639696468,0.4795935528536521,2.0
58.555761774402356,-0.539256547756956,2.0
