delta (MHz),alpha (pi rad),signal_window (MHz)
-46.57527896304208,-0.6919193929954355,2.0
91.23045548699571,0.7782925419234525,2.0
