delta (MHz),alpha (pi rad),signal_window (MHz)
-123.14057246202971,-0.6674553952189866,7.5
-21.2764344513339,-0.48155210368484647,7.5
