delta (MHz),alpha (pi rad),signal_window (MHz)
-91.33873289671186,-0.6677008086372103,3.0
132.15658721568673,-0.6413180498169786,3.0
