delta (MHz),alpha (pi rad),signal_window (MHz)
-74.05878382391332,-0.5947687036023281,5.0
67.02330744992767,0.9203711810871846,5.0
