delta (MHz),alpha (pi rad),signal_window (MHz)
-1.590721972434622,-0.5813349467438111,7.5
-76.85482378538276,0.20948948157403713,7.5
