delta (MHz),alpha (pi rad),signal_window (MHz)
19.377984028656016,0.275427233278539,5.0
-2.559596092787501,-0.10285803604090349,5.0
