delta (MHz),alpha (pi rad),signal_window (MHz)
-4.508016452612964,-0.40547804387626485,2.5
-24.954809649445647,-0.752149105621662,2.5
