delta (MHz),alpha (pi rad),signal_window (MHz)
15.118090791847287,-0.6546665712541151,2.5
35.86970946295713,-0.4749079550840385,2.5
-21.01231704517124,0.5662762027503716,2.5
-13.04219025915031,-0.842704180812976,2.5
