delta (MHz),alpha (pi rad),signal_window (MHz)
-9.047083615688287,-0.06388979074005197,1.0
-12.200671803659034,0.3623106407285288,1.0
-4.590355630713923,0.6633229911230123,1.0
-15.914343551215644,0.3959035054649289,1.0
