delta (MHz),alpha (pi rad),signal_window (MHz)
11.474200117111266,-0.9749674574598461,5.0
-18.23103720671445,0.6252184740550373,5.0
-0.560071972242838,0.6662807468008503,5.0
22.038560899741235,0.28995384543750813,5.0
