delta (MHz),alpha (pi rad),signal_window (MHz)
-18.307808405428815,0.8075300402069936,2.5
-12.513526355011951,-0.9365999160182106,2.5
20.191705435782318,-0.5046872365697299,2.5
-4.1117095945294295,0.33893899761428714,2.5
5.527198664682103,-0.30992032237043965,2.5
-26.226966672430084,0.45747069279403174,2.5
