delta (MHz),alpha (pi rad),signal_window (MHz)
3.4415408698195478,0.351889583269557,5.0
18.55127370289548,-0.5189943819092329,5.0
-12.917135962115244,0.3426106220681491,5.0
-24.93373389102099,-0.9924210049112479,5.0
