delta (MHz),alpha (pi rad),signal_window (MHz)
49.27643430608215,-0.7169668974964978,15.0
-13.404639238483782,0.9808848574821887,15.0
-67.63698011736989,0.6237437047431231,15.0
16.9564223322445,-0.929418763697057,15.0
