delta (MHz),alpha (pi rad),signal_window (MHz)
-12.991939246440396,0.1531130209687297,5.0
-32.53438696504856,-0.591648489000679,5.0
-56.03698704963614,0.24797073887538068,5.0
-70.21786010649741,-0.23044403313855355,5.0
