delta (MHz),alpha (pi rad),signal_window (MHz)
29.45919472081718,-0.08450599824164096,2.0
75.33723211887829,-0.827917705019634,2.0
