delta (MHz),alpha (pi rad),signal_window (MHz)
30.47627170573827,0.11949790250661674,7.5
80.07416651933968,-0.9899041644487627,7.5
