delta (MHz),alpha (pi rad),signal_window (MHz)
8.973277115454152,-0.3815032382896104,15.0
47.88789430087944,-0.7207156647094568,15.0
-58.00288188815897,0.3118778373973943,15.0
-21.538920883214395,0.212906195145524,15.0
