delta (MHz),alpha (pi rad),signal_window (MHz)
20.709617469401252,0.8416789213618012,5.0
-23.992666026556194,-0.9224564109862614,5.0
-1.152097371190358,0.729785851007164,5.0
-13.4972932111242,-0.6196255730238103,5.0
