delta (MHz),alpha (pi rad),signal_window (MHz)
5.4239172425897095,0.44345809795674196,3.0
78.1679637217373,0.5174326047183633,3.0
65.91259472332575,0.9656056211633148,3.0
25.294846111248887,-0.5627540750014663,3.0
