delta (MHz),alpha (pi rad),signal_window (MHz)
56.978888396454806,0.7811962068956653,2.0
74.01680651472054,-0.7533298778922173,2.0
