delta (MHz),alpha (pi rad),signal_window (MHz)
-97.7781685273013,0.22246944647629063,3.0
-61.329834773072605,0.035452588047077294,3.0
-76.25082198281456,0.44958778006573197,3.0
31.25547068270265,0.7600880896060982,3.0
-5.503725478547878,-0.06972803959032103,3.0
106.1116738187859,-0.7438124681062646,3.0
