delta (MHz),alpha (pi rad),signal_window (MHz)
-90.1224334585211,-0.6453598677244494,3.0
-74.53337297853719,-0.6834587629025464,3.0
