delta (MHz),alpha (pi rad),signal_window (MHz)
13.581682180568187,-0.7860627272334266,5.0
29.63589366201954,0.9116577313742351,5.0
