delta (MHz),alpha (pi rad),signal_window (MHz)
83.47146811310648,-0.49952429832610257,15.0
-2.0755659416134478,0.6028789710564388,15.0
