delta (MHz),alpha (pi rad),signal_window (MHz)
59.72052483971417,0.11707835014385903,5.0
-54.04654771323012,0.27975878083160755,5.0
37.83646562516972,0.8108579107251996,5.0
-42.36777759580916,0.8896131638375697,5.0
21.96455016128469,0.6603690164961873,5.0
1.620009050496364,-0.0032753548423445356,5.0
