delta (MHz),alpha (pi rad),signal_window (MHz)
72.22427712019552,-0.2132740626511036,5.0
-49.66003773208654,-0.7662040394393044,5.0
