delta (MHz),alpha (pi rad),signal_window (MHz)
38.78466312452228,-0.7161315050805659,2.0
44.010988953428864,-0.996491629431574,2.0
11.916297083596959,0.9820090726881079,2.0
78.59771192080089,0.03974881185514634,2.0
-60.50976607299856,0.7961528895633736,2.0
19.258550181648232,-0.15169059814441033,2.0
