delta (MHz),alpha (pi rad),signal_window (MHz)
32.713158983271,-0.9900147295737898,2.0
10.924142844833952,0.2946595919509136,2.0
21.256252394025807,0.32821972736746763,2.0
-42.21206785433989,0.5896061987641774,2.0
-83.01614892340667,-0.4808854925960593,2.0
41.35205052991441,0.9651522470630913,2.0
