delta (MHz),alpha (pi rad),signal_window (MHz)
-11.793196996913522,-0.5896237157031168,2.0
3.1334867581988846,0.7266615094599194,2.0
78.35225228459393,-0.5247055349828642,2.0
-78.19633360440288,0.49772091438277166,2.0
-85.10605370539746,-0.44055226833258443,2.0
64.00542955632451,-0.531801053730214,2.0
