delta (MHz),alpha (pi rad),signal_window (MHz)
-7.8720279628916,0.5475601176080989,10.0
34.513350497627286,0.48384399102975495,10.0
