delta (MHz),alpha (pi rad),signal_window (MHz)
-75.58007576331741,0.6656700878770963,2.0
82.6372726930284,0.3834919272944717,2.0
