delta (MHz),alpha (pi rad),signal_window (MHz)
-60.98116933959,-0.0027802892359631848,10.0
-36.546049927179325,-0.6677369121760173,10.0
