delta (MHz),alpha (pi rad),signal_window (MHz)
-75.18955386889536,-0.7007675785640923,3.0
46.820068091464236,0.9214792033761041,3.0
19.630029596697682,0.9642106251652556,3.0
4.137898388554277,0.11394029761305924,3.0
