delta (MHz),alpha (pi rad),signal_window (MHz)
-94.95210211157182,-0.07345441552556475,7.5
48.606758111523135,0.8440975335110052,7.5
-34.66674148035975,-0.6206836679446857,7.5
30.78682644530599,-0.0898759978123429,7.5
