delta (MHz),alpha (pi rad),signal_window (MHz)
-11.358238752463524,0.463631876130951,2.5
11.402229142909384,0.753975931059153,2.5
-31.52526925971172,-0.5667744521656928,2.5
26.98817218568854,-0.8879093640140612,2.5
