delta (MHz),alpha (pi rad),signal_window (MHz)
-18.61939040288254,-0.09143459597559112,1.0
-10.241995297448021,-0.48778894563585307,1.0
