delta (MHz),alpha (pi rad),signal_window (MHz)
-14.316047912912154,-0.12302091648123437,2.0
-71.77042797755517,-0.9028656198760658,2.0
-36.081761557356415,-0.3185411613409088,2.0
-28.459445906548538,0.9783430581052059,2.0
-85.28185504987223,0.11271796641863374,2.0
-48.01473086513856,0.8213245107618841,2.0
