delta (MHz),alpha (pi rad),signal_window (MHz)
-76.5608480341235,0.7116329149380485,5.0
-20.72444541092507,0.5204039773742459,5.0
