delta (MHz),alpha (pi rad),signal_window (MHz)
-22.465740157052235,0.9662822839724652,1.0
-16.561336604043685,0.35215869505783126,1.0
