delta (MHz),alpha (pi rad),signal_window (MHz)
-42.61042882058764,0.8126435686861331,15.0
57.06312872180493,-0.47289978730579896,15.0
26.34137020327934,0.8100378697794821,15.0
-5.2118220691849615,-0.15344031649217915,15.0
