delta (MHz),alpha (pi rad),signal_window (MHz)
10.89186626345311,0.5943334324970331,15.0
-57.23526492209605,0.6274386788239166,15.0
48.66536236386813,-0.8238143939643472,15.0
-20.990506914169643,0.6456313852622573,15.0
