delta (MHz),alpha (pi rad),signal_window (MHz)
-59.883675726036486,0.5245692737746155,2.0
-19.119700353457702,0.1777688264462569,2.0
-26.005420411860023,0.8755653647748827,2.0
6.03736508177505,0.1646500538193334,2.0
