delta (MHz),alpha (pi rad),signal_window (MHz)
24.871471265883002,-0.674603919259827,3.0
75.22036346036276,-0.35928890022530635,3.0
