delta (MHz),alpha (pi rad),signal_window (MHz)
-25.119697120350523,0.06077485512642955,2.0
85.65330018352927,-0.055265247629306735,2.0
