delta (MHz),alpha (pi rad),signal_window (MHz)
-21.7296726666293,0.7635340479164625,3.0
78.40283157943648,-0.2762387256159373,3.0
-42.009644185185095,-0.7264776585332431,3.0
26.748664005588296,-0.5615343621032054,3.0
-121.69086289611718,0.23749902815110957,3.0
-98.07116346958591,0.46251794785748834,3.0
