delta (MHz),alpha (pi rad),signal_window (MHz)
-15.246511548348657,-0.5052983594751246,5.0
8.766727486159617,-0.6937450252891757,5.0
22.330232685072033,-0.6147898147504345,5.0
-3.0935704587951136,0.7387681208048635,5.0
