delta (MHz),alpha (pi rad),signal_window (MHz)
-26.1176580867767,0.9519928214213806,2.0
-6.156476745722841,0.3982238837257246,2.0
70.45403353835016,0.06748223891747607,2.0
-43.804043976560386,-0.40333543597169386,2.0
-52.63681858311258,0.43294497732918047,2.0
-84.18656771134626,0.2113128728920608,2.0
