delta (MHz),alpha (pi rad),signal_window (MHz)
16.577322652012228,0.16903529684690866,10.0
62.55738154367663,-0.04681305646848477,10.0
