delta (MHz),alpha (pi rad),signal_window (MHz)
8.274349597256617,0.5999058450844961,5.0
28.24524542653438,0.37599576227963327,5.0
-13.790838385653565,0.20325113466139433,5.0
51.034478466282124,-0.2920667732422646,5.0
39.00474550394186,-0.23569252726475254,5.0
-62.74490020910953,-0.08544778136310271,5.0
