delta (MHz),alpha (pi rad),signal_window (MHz)
26.68618737065127,0.85291950326987,10.0
-52.47107413892992,-0.8708681597457435,10.0
