delta (MHz),alpha (pi rad),signal_window (MHz)
12.499093838250104,-0.5429312526356682,7.5
27.55781740175175,-0.7487966937787878,7.5
