delta (MHz),alpha (pi rad),signal_window (MHz)
13.397422893676698,-0.2736812611821544,1.0
-40.362121194076764,0.13135747393626196,1.0
-36.27586256668383,-0.521448488512962,1.0
-1.1215242745419758,0.03235816542424108,1.0
5.699423875370286,0.28089241442968205,1.0
-16.591048836794123,-0.6363274684274478,1.0
