delta (MHz),alpha (pi rad),signal_window (MHz)
111.24823508423898,-0.6981167093072782,7.5
82.26801977928511,0.8955198524248487,7.5
11.926652074913264,-0.46985877570444057,7.5
-7.413157450297149,-0.6983465780680993,7.5
