delta (MHz),alpha (pi rad),signal_window (MHz)
-8.525927277386678,-0.3257605681790945,1.0
-29.85875930549294,-0.9551760180668998,1.0
41.42935103404318,0.5036057643318284,1.0
38.68760064207443,0.34377070356228256,1.0
-39.13172440973082,0.9223840754486479,1.0
14.998169315105983,0.8884954286708555,1.0
