delta (MHz),alpha (pi rad),signal_window (MHz)
8.244463097652236,-0.8506851573509591,2.5
-26.729015181911716,-0.15645178508206437,2.5
18.615159034631,0.5284030285734769,2.5
-19.40785224103079,0.3591388979280534,2.5
