delta (MHz),alpha (pi rad),signal_window (MHz)
31.587937501334196,-0.4425826014909211,2.5
-35.12476306654194,-0.9940096139465482,2.5
