delta (MHz),alpha (pi rad),signal_window (MHz)
-111.28136513502585,-0.7400548325417324,3.0
-59.48592448568516,-0.6319154251608325,3.0
74.71116040501647,-0.6623095914115473,3.0
130.0683895035968,-0.21091676268772597,3.0
