delta (MHz),alpha (pi rad),signal_window (MHz)
0.5908782003348989,0.2913734220630677,5.0
46.72838254697557,-0.7722798277388048,5.0
-16.781495004599627,-0.1304684923315096,5.0
-43.58642275577379,-0.7800108461553503,5.0
-59.54903389245396,0.4360879205838726,5.0
35.942904017903786,-0.02949290540324112,5.0
