delta (MHz),alpha (pi rad),signal_window (MHz)
-19.2191467062303,0.6258689676527438,2.5
-8.400356279766719,-0.7253278163242602,2.5
