delta (MHz),alpha (pi rad),signal_window (MHz)
-20.92292373318229,0.7728217952238918,1.0
-38.38643667620005,0.27643154354924104,1.0
32.72535899460024,-0.19939763578423464,1.0
20.079539763334978,-0.9756700375354241,1.0
