delta (MHz),alpha (pi rad),signal_window (MHz)
-98.57140967419647,-0.3006309221355754,3.0
76.14081247534247,0.7729917184919335,3.0
60.206654321028424,-0.03990715477874818,3.0
8.56230684970052,-0.8050775545461701,3.0
