delta (MHz),alpha (pi rad),signal_window (MHz)
34.588817277765,0.9998416258252931,2.0
-49.22449237057272,-0.4490116196835243,2.0
-70.99486894376913,-0.9048499206572631,2.0
4.186529540684873,-0.36904986790480754,2.0
-10.121720440995631,0.013334982141258944,2.0
85.26917098259506,-0.8464409003847171,2.0
