delta (MHz),alpha (pi rad),signal_window (MHz)
50.79237808472968,0.8537888918348098,2.0
20.161830946481672,0.1294145610680888,2.0
78.97965384263779,-0.9924428232996971,2.0
-81.04842622518883,0.8516509380369159,2.0
