delta (MHz),alpha (pi rad),signal_window (MHz)
-80.95676748895718,-0.8539907561113718,7.5
35.60709759786528,0.921737677450206,7.5
