delta (MHz),alpha (pi rad),signal_window (MHz)
-21.876665773819113,0.23260666610135283,5.0
23.7586018108873,0.9584273469340767,5.0
