delta (MHz),alpha (pi rad),signal_window (MHz)
25.261595199967076,0.09713317915212238,2.5
11.272536120006158,0.6057544838069064,2.5
