delta (MHz),alpha (pi rad),signal_window (MHz)
-25.82614721285134,-0.5811638611136956,3.0
124.13979984200716,-0.034900035926753725,3.0
-89.46037000727708,0.18109350732209029,3.0
101.50794518247756,-0.3074211134232172,3.0
