delta (MHz),alpha (pi rad),signal_window (MHz)
22.300319733377364,-0.49408376396269116,15.0
-70.1042266397784,-0.6478980230212457,15.0
71.37864471615003,-0.7051900831442297,15.0
-24.399924994898264,-0.9819075188984261,15.0
