delta (MHz),alpha (pi rad),signal_window (MHz)
-26.472632271368035,0.08221036106489588,2.5
25.263271758032715,-0.11241500172736885,2.5
-8.282762327026706,-0.5707000199728318,2.5
-34.82594996637241,-0.7647310758355741,2.5
