delta (MHz),alpha (pi rad),signal_window (MHz)
-21.402368227067498,0.6591932710365194,3.0
100.20332948412462,-0.7812473740252588,3.0
45.743188213192724,0.9064801233027457,3.0
-79.37866119220648,0.42443119830246734,3.0
-109.02552554853098,-0.9876630154965931,3.0
-94.77547178662493,-0.3931679099840124,3.0
