delta (MHz),alpha (pi rad),signal_window (MHz)
0.7993563608796634,0.8888947492753585,1.0
23.839114317258478,0.9351437511105121,1.0
-4.399405291978212,0.9459970606688379,1.0
-31.84936396506911,-0.11809171457535261,1.0
