delta (MHz),alpha (pi rad),signal_window (MHz)
10.634706193033992,0.992510641606289,7.5
-24.343085194191076,0.05026624749263964,7.5
