delta (MHz),alpha (pi rad),signal_window (MHz)
-42.75357441148249,0.6684377195652533,2.0
37.38052333597473,0.034947458632890394,2.0
-56.4359390508696,-0.908912872388911,2.0
68.6646363086353,-0.17381476411286956,2.0
