delta (MHz),alpha (pi rad),signal_window (MHz)
29.834368661725804,0.8056407769488894,5.0
-14.03554596519825,0.29677019946015615,5.0
