delta (MHz),alpha (pi rad),signal_window (MHz)
-23.54003860913336,-0.08864219866403067,3.0
-53.86257960770601,-0.1752635915113876,3.0
74.31743204107181,-0.43492733374121695,3.0
-114.74110363779282,-0.3193096515011029,3.0
116.59763070899768,0.05710239695458119,3.0
35.047262295386304,0.4731425140079941,3.0
