delta (MHz),alpha (pi rad),signal_window (MHz)
18.038983222816654,-0.6519868728045426,5.0
-6.693863603408133,0.3295887666530153,5.0
-17.105132258605394,0.0072754112733963705,5.0
4.332520427678883,-0.9830111219599715,5.0
