delta (MHz),alpha (pi rad),signal_window (MHz)
18.97759466641366,0.7513449536773593,2.5
-25.31097074039697,-0.35285087489351796,2.5
