delta (MHz),alpha (pi rad),signal_window (MHz)
-33.417954808341776,-0.5630759607575297,5.0
72.53065333011548,-0.7921445591286362,5.0
