delta (MHz),alpha (pi rad),signal_window (MHz)
-35.224177409558536,0.9633634325371847,15.0
27.761765036631118,-0.7732085728787874,15.0
-73.67364799953054,-0.8294079025921579,15.0
57.92954842802948,0.2845540600367076,15.0
