delta (MHz),alpha (pi rad),signal_window (MHz)
40.062338350764776,0.37561369389780963,2.0
27.865818969238433,-0.0881184593304909,2.0
