delta (MHz),alpha (pi rad),signal_window (MHz)
-30.950513128117066,0.34830624712938163,7.5
64.44412088714702,0.21043881956578758,7.5
38.71598497104304,-0.6365438313834595,7.5
97.8039669672182,-0.39699732538278143,7.5
