delta (MHz),alpha (pi rad),signal_window (MHz)
-22.271938549880602,-0.6237706077365301,15.0
-93.7121232295567,0.6168566424055384,15.0
