delta (MHz),alpha (pi rad),signal_window (MHz)
40.29324256363958,0.10260985894488561,1.0
4.691396115620876,0.24005530440181944,1.0
30.25215902697272,-0.95299802959698,1.0
22.24086265293556,0.9349088371666323,1.0
1.5534671204117245,-0.8641366096973346,1.0
37.97054298576141,0.5519597291070579,1.0
