delta (MHz),alpha (pi rad),signal_window (MHz)
-18.456257389131437,0.9063615166122669,7.5
-97.16696004883981,-0.9962853159942917,7.5
-49.17494752809045,0.7038828271624187,7.5
9.341275306223892,-0.8965967241153123,7.5
