delta (MHz),alpha (pi rad),signal_window (MHz)
25.824014512636865,-0.20267879194124339,2.5
-36.30063966552969,-0.1528039077038741,2.5
