delta (MHz),alpha (pi rad),signal_window (MHz)
-43.80229674207603,0.4200345924109685,10.0
32.88646537605199,-0.6783625418200432,10.0
-16.101935161705875,0.6090795082878238,10.0
3.977885888277669,-0.41602745584457446,10.0
