delta (MHz),alpha (pi rad),signal_window (MHz)
-131.29957518368647,-0.7362637508751064,3.0
-58.96772588178305,-0.4512277005218881,3.0
