delta (MHz),alpha (pi rad),signal_window (MHz)
14.921532359491692,-0.548190521198632,5.0
34.060085570107404,0.47324274128528243,5.0
