delta (MHz),alpha (pi rad),signal_window (MHz)
-54.57674983619809,-0.26135864840908885,5.0
44.09877966659923,-0.2836783744698037,5.0
