delta (MHz),alpha (pi rad),signal_window (MHz)
-50.24835277472664,-0.4937596315940673,3.0
-83.05095779851318,0.7415065136783612,3.0
