delta (MHz),alpha (pi rad),signal_window (MHz)
-83.8568007375993,-0.29673097213838284,15.0
20.376031168067527,-0.6649014418436654,15.0
