delta (MHz),alpha (pi rad),signal_window (MHz)
29.562771862630726,-0.6980684819623657,2.5
-30.722231295824017,0.05957023389594718,2.5
