delta (MHz),alpha (pi rad),signal_window (MHz)
-23.376619022853887,0.856099262226085,5.0
23.3561766999739,0.18050005011110093,5.0
