delta (MHz),alpha (pi rad),signal_window (MHz)
18.365426498909144,-0.3823793449939936,5.0
-2.9033604800266666,0.07239820189325319,5.0
-21.938730431154426,-0.0342697748996208,5.0
7.212740639985412,0.48678739156502315,5.0
