delta (MHz),alpha (pi rad),signal_window (MHz)
-0.4866115149284056,-0.6320187826190591,1.0
-20.30399601168628,0.18675627893873759,1.0
20.345586163009898,0.17703646470223933,1.0
33.93413951524428,-0.7075983753649957,1.0
9.025864533764619,-0.9193384361784624,1.0
-31.596592078594888,-0.047959173939703836,1.0
