delta (MHz),alpha (pi rad),signal_window (MHz)
23.011217509898415,0.5780796212461827,3.0
-26.43392946383237,0.6081820389824351,3.0
