delta (MHz),alpha (pi rad),signal_window (MHz)
25.920933581450576,0.7109284546908698,2.5
-28.46561842123941,-0.6812244185349852,2.5
13.88578788520622,0.1345561120175598,2.5
-3.8372160595334,-0.15451482491057167,2.5
-13.01717069808939,0.6335780773367725,2.5
7.524325924684504,0.7789761430442443,2.5
