delta (MHz),alpha (pi rad),signal_window (MHz)
12.610132075313473,0.16692989417717086,2.5
41.4356822809964,0.6330356752276416,2.5
