delta (MHz),alpha (pi rad),signal_window (MHz)
23.233132633540777,-0.11328728432940816,3.0
-111.27264611911748,-0.6247400625664326,3.0
41.45726446250541,-0.5701256137347237,3.0
-58.974967816044526,-0.29098293660375507,3.0
-36.732515753261254,0.8178885798873989,3.0
72.18602155233316,0.1912614667414927,3.0
