delta (MHz),alpha (pi rad),signal_window (MHz)
-64.85807017107908,0.2874837296400303,10.0
50.044986460789346,0.03142045726420073,10.0
