delta (MHz),alpha (pi rad),signal_window (MHz)
-101.44936063829893,0.2886486571687443,3.0
60.656184016462475,-0.8477436015443991,3.0
