delta (MHz),alpha (pi rad),signal_window (MHz)
-14.820569389494029,0.5018710320822037,1.0
38.61957353948765,0.6678785308718069,1.0
10.78471928705833,0.2604009881537257,1.0
14.779856063846715,-0.2895459890329708,1.0
