delta (MHz),alpha (pi rad),signal_window (MHz)
16.9111555588143,-0.314172620888429,5.0
30.85624050544004,-0.2737702564976203,5.0
