delta (MHz),alpha (pi rad),signal_window (MHz)
55.53993444449591,-0.375597353272894,3.0
24.74142659755904,-0.7061907252713868,3.0
-17.76494669021875,-0.724026072392826,3.0
-132.3082420343399,-0.2447521270426547,3.0
