delta (MHz),alpha (pi rad),signal_window (MHz)
65.61394056343698,0.58099710320456,15.0
-11.340701267878103,-0.46557844960419215,15.0
-60.14709825176946,0.2744959578496231,15.0
34.772100338624924,0.13422271950916054,15.0
