delta (MHz),alpha (pi rad),signal_window (MHz)
0.6403562742768543,0.625929346418062,1.0
6.490369266325601,0.27795077633782106,1.0
-34.826445015609366,-0.8388486335003884,1.0
-23.794160167264867,-0.17505166237086445,1.0
