delta (MHz),alpha (pi rad),signal_window (MHz)
49.05264107262687,-0.5980555507693259,2.0
78.58768395297108,-0.5931501417418419,2.0
-29.6307368748079,-0.43930039426802625,2.0
67.20451076453645,-0.8594870984375207,2.0
-67.71674572200673,0.430647045027049,2.0
0.8184696872904027,-0.2757809397959263,2.0
