delta (MHz),alpha (pi rad),signal_window (MHz)
23.509808690206988,0.27884590286407396,2.5
16.99782447806104,0.008984167535200926,2.5
-23.61945131232536,0.9878415601664972,2.5
8.808811975507929,-0.8929198565240424,2.5
