delta (MHz),alpha (pi rad),signal_window (MHz)
20.687150374016156,-0.9241659193731864,10.0
-30.272935420770985,0.28170898709707415,10.0
-6.308346966422221,0.6167670404668288,10.0
43.06893758480517,-0.9617018537624047,10.0
