delta (MHz),alpha (pi rad),signal_window (MHz)
-24.77654749230144,0.8748938140849272,5.0
-5.345655011426956,-0.9747463476618528,5.0
-56.49615019188762,-0.8235377267465445,5.0
61.810288883618995,0.619987929044709,5.0
