delta (MHz),alpha (pi rad),signal_window (MHz)
-27.519793185987155,0.6354508802381527,10.0
8.701763644520113,-0.928168492000099,10.0
