delta (MHz),alpha (pi rad),signal_window (MHz)
67.25010646204376,-0.35356734423014835,5.0
15.424063681389882,0.7120255922073413,5.0
-12.119027316883226,0.9723368981843632,5.0
-64.35178565176768,-0.36637901713401866,5.0
