delta (MHz),alpha (pi rad),signal_window (MHz)
-61.77491743868272,0.1339930468505257,5.0
70.81759211711213,0.27331343082944426,5.0
32.36362688024256,-0.06399215490347632,5.0
-2.261456129335187,0.7943978069421052,5.0
