delta (MHz),alpha (pi rad),signal_window (MHz)
41.43069803306338,-0.2839733781638749,7.5
-41.60893418753545,-0.6284725282282309,7.5
20.18062274444742,0.421114327783481,7.5
-82.89108073287811,-0.859872241016078,7.5
64.21325700168836,0.6642645334011452,7.5
-65.99712596118823,-0.9822152232721861,7.5
