t (us),H_x (2pi MHz),H_z (2pi MHz)
0.0032881234401706395,-80.0,0.0
0.00125,0.0,100.0
0.0018449774182602977,-80.0,0.0
0.00125,0.0,100.0
0.001117171307161122,80.0,0.0
0.00125,0.0,100.0
0.00029123282178171065,-80.0,0.0
0.00125,0.0,100.0
0.0007482919596189455,-80.0,0.0
0.00125,0.0,100.0
0.0001843565983005397,-80.0,0.0
0.00125,0.0,100.0
0.00021359388226139096,-80.0,0.0
0.00125,0.0,100.0
0.0006073129549063845,-80.0,0.0
0.00125,0.0,100.0
0.004549888380761728,-80.0,0.0
0.00125,0.0,100.0
0.004331502439867115,-80.0,0.0
0.00125,0.0,100.0
0.003941548283067258,-80.0,0.0
0.00125,0.0,100.0
3.2104419388375546e-05,-80.0,0.0
0.00125,0.0,100.0
0.0017842766142442455,-80.0,0.0
0.00125,0.0,100.0
0.002505327870693036,-80.0,0.0
0.00125,0.0,100.0
0.0012689544958729938,-80.0,0.0
0.00125,0.0,100.0
0.00029936654204684656,80.0,0.0
0.00125,0.0,100.0
0.0005633655897175505,-80.0,0.0
0.00125,0.0,100.0
0.002390407509237088,-80.0,0.0
0.00125,0.0,100.0
0.0029347291410636365,-80.0,0.0
0.00125,0.0,100.0
0.0007577128718807011,-80.0,0.0
0.00125,0.0,100.0
0.00405079397889527,-80.0,0.0
0.00125,0.0,100.0
0.005412282821129795,-80.0,0.0
0.00125,0.0,100.0
0.006779219653909289,-80.0,0.0
0.00125,0.0,100.0
0.003532468838116867,-80.0,0.0
0.00125,0.0,100.0
0.006068698558812556,-80.0,0.0
0.00125,0.0,100.0
0.00038336297928911973,80.0,0.0
0.00125,0.0,100.0
0.0037891171491397707,-80.0,0.0
0.00125,0.0,100.0
0.004486962147888621,-80.0,0.0
0.00125,0.0,100.0
0.002566943763018026,80.0,0.0
0.00125,0.0,100.0
0.002564921175150035,80.0,0.0
0.00125,0.0,100.0
0.0004941801422413937,-80.0,0.0
