delta (MHz),alpha (pi rad),signal_window (MHz)
98.66837817112588,-0.2898012527253966,3.0
-127.2637269956779,-0.6886238450530449,3.0
48.49478829651335,0.2827316616107376,3.0
-77.16072686441038,-0.11208188559037136,3.0
-115.93483376626668,0.4285389978678733,3.0
60.68945618272758,-0.5710106855521573,3.0
