delta (MHz),alpha (pi rad),signal_window (MHz)
8.754505457678135,0.9515839259614425,7.5
-32.78928594842564,0.16831232535585716,7.5
100.87186439439338,-0.6698908134827259,7.5
26.071352303286886,-0.46126348295195174,7.5
