delta (MHz),alpha (pi rad),signal_window (MHz)
-42.17615758641785,0.10430670562505462,7.5
46.29625688103093,0.8973878024298545,7.5
63.50267431343303,-0.5430378870209471,7.5
19.62438697398396,0.8384433779367584,7.5
-68.11989644946125,0.042665343051424554,7.5
80.16837124809251,0.3351344224810979,7.5
