delta (MHz),alpha (pi rad),signal_window (MHz)
-10.528211308095086,0.3853034105331774,5.0
15.181816249627744,-0.750426440332963,5.0
0.09707120996331753,0.29011121834686127,5.0
-24.893044469926494,-0.5329980316538934,5.0
