delta (MHz),alpha (pi rad),signal_window (MHz)
-29.479819310047574,-0.5557391503784834,7.5
69.53449879252955,-0.8515448049873078,7.5
84.83017853130929,0.19248391707639434,7.5
-10.29838309633837,-0.47005370597790486,7.5
7.932707084571547,-0.5948455416716372,7.5
41.540052079161,0.7078612705211682,7.5
