delta (MHz),alpha (pi rad),signal_window (MHz)
23.408057354093614,0.0267035009812997,1.0
-27.03911473229383,-0.06917283212590619,1.0
20.491222042037606,0.6102612202531346,1.0
35.821832108189426,-0.39911545513469315,1.0
-10.485643364316424,0.6993171566892049,1.0
4.864197792331495,-0.16146063593575044,1.0
