delta (MHz),alpha (pi rad),signal_window (MHz)
-36.87957592169805,-0.1152572655897115,7.5
58.15659915137786,0.804098248632515,7.5
