delta (MHz),alpha (pi rad),signal_window (MHz)
47.35486241333618,-0.522713805835133,2.0
-25.19108649500528,0.2642066880098597,2.0
51.72385110059531,-0.09099221529063017,2.0
25.012830949709496,-0.5106770789326274,2.0
-35.21539076175872,-0.7663455397496715,2.0
-81.88681252849958,0.38837316442409775,2.0
