delta (MHz),alpha (pi rad),signal_window (MHz)
37.51350518884429,-0.3947105476557884,1.0
9.602530648183922,-0.6351097254910734,1.0
-9.896434385092519,-0.04490671950828262,1.0
-17.81246703973631,-0.33322135596715663,1.0
