delta (MHz),alpha (pi rad),signal_window (MHz)
0.7715949618602949,-0.2407428567931713,1.0
-18.528274083718138,0.5350433602204687,1.0
-12.355159362943454,0.1379972672177885,1.0
22.893305967162988,-0.0794536448643599,1.0
