delta (MHz),alpha (pi rad),signal_window (MHz)
-101.94387211454139,-0.4452461693621719,7.5
86.90347291260684,-0.8982707391465206,7.5
44.44380778485103,-0.8446265490766978,7.5
-55.400166299078585,0.4111736998979232,7.5
