delta (MHz),alpha (pi rad),signal_window (MHz)
-27.11714334689411,-0.17692354750268113,3.0
89.0012928985457,0.03621967619560418,3.0
