delta (MHz),alpha (pi rad),signal_window (MHz)
39.85892299297123,-0.4901452201256946,5.0
20.707670510162288,-0.11071794922237355,5.0
2.8608551154822237,0.2527292985317835,5.0
-32.829299409282605,0.9881780551473922,5.0
-64.67179968347351,-0.5280931688046908,5.0
-54.14395629912474,0.23140017123832024,5.0
