delta (MHz),alpha (pi rad),signal_window (MHz)
10.475709937100987,0.8661494259017737,7.5
-105.58714077924364,-0.32710602919083365,7.5
