delta (MHz),alpha (pi rad),signal_window (MHz)
40.410972390930766,0.46484843538487675,1.0
-44.76774221495506,0.26177088419832883,1.0
-32.49674935892783,-0.7536369323621279,1.0
22.514446677952535,-0.42800427067281555,1.0
