delta (MHz),alpha (pi rad),signal_window (MHz)
35.775789228166005,0.6261838763692886,2.5
-5.1853425551285,0.31604938378861247,2.5
24.511383558191085,0.43884663118183975,2.5
-15.484087521277921,0.9625491572233922,2.5
