delta (MHz),alpha (pi rad),signal_window (MHz)
-24.88497280733755,-0.2491142688485719,1.0
-21.341759233167284,0.6536835353403629,1.0
