delta (MHz),alpha (pi rad),signal_window (MHz)
63.4595745218916,0.11129001272461037,7.5
33.25621820750513,-0.862702540672867,7.5
-47.51167624243319,-0.6888677181857656,7.5
-7.010843221488926,0.5115981935695246,7.5
-94.42528578977459,0.6016687290516782,7.5
87.28629561119814,-0.5215026827989369,7.5
