delta (MHz),alpha (pi rad),signal_window (MHz)
15.55016405595979,0.9262031597126836,5.0
-8.725135979733388,-0.7752292941627366,5.0
1.5915418143908404,-0.9518847735932319,5.0
-21.588319438637992,-0.5359051504987913,5.0
