delta (MHz),alpha (pi rad),signal_window (MHz)
-64.21546273164073,0.7125160752539241,3.0
-127.99926767822235,0.6613997602627157,3.0
4.616072281537527,-0.9388347659450968,3.0
42.298146382192215,-0.994364160845916,3.0
-112.85730803889041,-0.8577381359169962,3.0
-25.859953450316567,-0.9371660115585969,3.0
