delta (MHz),alpha (pi rad),signal_window (MHz)
-10.400682771229832,0.8744511055627273,10.0
16.119071758243564,-0.44323888574849457,10.0
37.24128976405392,0.16596628047872097,10.0
-46.01094411943757,0.07672291221953986,10.0
