delta (MHz),alpha (pi rad),signal_window (MHz)
8.179732554414485,-0.8635692992526542,2.5
20.367942215082948,-0.48422408133474737,2.5
-1.9209207748235428,0.426303006128979,2.5
-27.628429745972092,-0.3497936778012849,2.5
