delta (MHz),alpha (pi rad),signal_window (MHz)
-0.1960354532435531,0.27013354135455914,5.0
-45.47847248056796,-0.2714689335851541,5.0
27.434950847682146,-0.6689918661952581,5.0
-20.879774879281,0.8173210211771318,5.0
