delta (MHz),alpha (pi rad),signal_window (MHz)
0.5438350319727192,0.16041643627334246,15.0
72.36694970244227,-0.08881897694548191,15.0
