delta (MHz),alpha (pi rad),signal_window (MHz)
-70.63763849616522,-0.8498501008362236,3.0
-79.0014667791933,0.4890541136948443,3.0
124.19136733486454,0.5694450970888882,3.0
-34.47123597166238,0.33112209039458396,3.0
