delta (MHz),alpha (pi rad),signal_window (MHz)
9.536020919339741,0.25576608460500205,2.5
-8.572188921962152,-0.5424296593290585,2.5
-22.419830699223347,-0.22097489373240942,2.5
22.480497152572497,0.262905152347096,2.5
