delta (MHz),alpha (pi rad),signal_window (MHz)
-1.8598233560542639,-0.51702344229827,1.0
-21.647907945093248,-0.15939795391949407,1.0
21.15667407943043,-0.24724088899848096,1.0
-28.78195730895338,-0.4440913086276421,1.0
-35.80622659901409,-0.06808921866193107,1.0
30.064600163925235,0.43940813086685426,1.0
