delta (MHz),alpha (pi rad),signal_window (MHz)
-6.432045144185576,-0.7209438866978011,2.5
-22.29181906925538,-0.1602275095769332,2.5
-30.513265523202357,-0.1722219031135641,2.5
-14.781710672915903,0.8375572298288434,2.5
