delta (MHz),alpha (pi rad),signal_window (MHz)
-17.182598937465077,-0.2920100891684978,2.5
14.373259214167433,0.5448832726119821,2.5
-8.658473669980786,0.7654723797676224,2.5
-25.10852693054401,0.2690785485503928,2.5
