delta (MHz),alpha (pi rad),signal_window (MHz)
-23.120494863767775,0.5789900085508808,7.5
-92.06331563536858,-0.0929469556274678,7.5
