delta (MHz),alpha (pi rad),signal_window (MHz)
-28.41502344688034,0.05562476370027203,7.5
74.20554982785424,-0.676781593772765,7.5
-72.85955689949269,0.9667774232380533,7.5
-95.74439355506973,-0.2110418219467387,7.5
47.91328112144777,0.43736263291425614,7.5
-54.49414711741647,-0.5286154034801618,7.5
