delta (MHz),alpha (pi rad),signal_window (MHz)
54.4283783803333,-0.5951784766396704,10.0
-52.462649055988464,0.3386792415863118,10.0
