delta (MHz),alpha (pi rad),signal_window (MHz)
10.929579111841875,-0.9402256868410035,2.0
18.89614776449433,0.7732750715638039,2.0
33.62690428868504,0.31592657238450617,2.0
53.744829208190964,0.2456266540020906,2.0
43.820537906962954,-0.4171058455642638,2.0
48.219560781688955,-0.5960765480436123,2.0
