delta (MHz),alpha (pi rad),signal_window (MHz)
21.757240233594487,-0.7219153499656092,2.5
-18.264778915085916,0.14069319354112442,2.5
6.335761642819065,-0.23327544479205042,2.5
-8.583576012675103,0.8440640831887523,2.5
-26.649477540496072,-0.09304823573809196,2.5
28.772614526139982,-0.3147188111515482,2.5
