delta (MHz),alpha (pi rad),signal_window (MHz)
-36.05645273604743,-0.1858596431276054,2.5
15.769735586187785,-0.19821628743430542,2.5
