delta (MHz),alpha (pi rad),signal_window (MHz)
59.801932165175,0.18449861333848583,5.0
14.43628987252454,0.9205135973898491,5.0
