delta (MHz),alpha (pi rad),signal_window (MHz)
35.47671726092862,-0.5406136425829409,2.5
12.811729771255145,0.47948736335896514,2.5
