delta (MHz),alpha (pi rad),signal_window (MHz)
16.65225421429411,0.5619634262209694,1.0
36.79721051526276,-0.27225751241469953,1.0
