delta (MHz),alpha (pi rad),signal_window (MHz)
-68.13282437730282,-0.3453940978522785,2.0
-42.042838234623396,-0.38876667701413603,2.0
-22.62396594533533,-0.7035659144927449,2.0
-49.28578270924803,-0.006415398935240013,2.0
