delta (MHz),alpha (pi rad),signal_window (MHz)
41.24226460390686,-0.0628493279683795,2.0
-84.7707940385223,-0.665344967810187,2.0
-25.362009130082654,0.06834372612101913,2.0
-44.022361328324145,-0.5065643690070485,2.0
72.11838907594537,0.8982406749770648,2.0
-10.43800213355631,-0.9027630974876477,2.0
