delta (MHz),alpha (pi rad),signal_window (MHz)
-17.418676668525016,-0.3604668868810741,2.5
0.0461408382447317,-0.37253098758281866,2.5
-12.087518558866531,0.16351654802894,2.5
27.02026399055803,0.016345013956127863,2.5
18.068794294161172,-0.5190709990465074,2.5
-6.296756323293398,-0.22282251490998806,2.5
