delta (MHz),alpha (pi rad),signal_window (MHz)
22.601095984622923,0.6557646031105393,5.0
-16.419163156781774,-0.8946723464952195,5.0
3.741215596022478,-0.2033980697033475,5.0
-6.289331063153064,0.6943479521888165,5.0
