delta (MHz),alpha (pi rad),signal_window (MHz)
43.41385292222557,0.5186499022317974,10.0
-14.98590114758862,0.15030784321307755,10.0
20.82488627156617,0.21421151828819895,10.0
-40.16512263455314,-0.5510507943563889,10.0
