delta (MHz),alpha (pi rad),signal_window (MHz)
14.222473603870299,0.04962794010925764,1.0
-11.554254825930819,-0.7018344514668531,1.0
-16.000521677392484,-0.8100347197905322,1.0
42.222369441726656,-0.8023849676144856,1.0
7.492760821778489,-0.3666257331402656,1.0
24.667638173147466,0.23934655934916482,1.0
