delta (MHz),alpha (pi rad),signal_window (MHz)
-7.835231917622874,-0.590904409745389,5.0
-34.187883789842346,0.23808266068950168,5.0
