delta (MHz),alpha (pi rad),signal_window (MHz)
-13.575733027931705,-0.6537882378204387,3.0
-53.16916504452236,0.39752620819162554,3.0
37.72048791732681,-0.3278734125157039,3.0
-63.40526150690776,-0.385407435877279,3.0
49.72945186234182,0.06696017811189603,3.0
-120.55285390608043,0.2755662080498671,3.0
