delta (MHz),alpha (pi rad),signal_window (MHz)
-89.94152842527889,-0.5583966797048554,2.0
-55.07818392523295,-0.383769825590633,2.0
