delta (MHz),alpha (pi rad),signal_window (MHz)
54.26306212288401,-0.08108664559538581,3.0
42.74023328454575,-0.1339692164048023,3.0
