delta (MHz),alpha (pi rad),signal_window (MHz)
-25.738127894687757,0.6874552191760475,5.0
-10.254702740044191,-0.6306294355362043,5.0
