delta (MHz),alpha (pi rad),signal_window (MHz)
1.2030939787689832,0.5636142288284238,2.5
-21.35014010720952,0.04143420451102919,2.5
8.8273679295093,-0.5084115430460816,2.5
21.594357940017005,-0.059916441914704466,2.5
-31.628034848721047,0.3942282834012456,2.5
28.93370892194814,0.9212626273837328,2.5
