delta (MHz),alpha (pi rad),signal_window (MHz)
-34.2816549441641,-0.8029655936298759,1.0
-8.10331715979008,-0.15497810331543738,1.0
-20.447659488105636,0.9228752332357104,1.0
24.12053203520985,-0.589919806251004,1.0
