delta (MHz),alpha (pi rad),signal_window (MHz)
-30.04790215155255,-0.424825191375912,10.0
1.803161623162353,-0.6689059602868834,10.0
