delta (MHz),alpha (pi rad),signal_window (MHz)
54.903968040894654,0.20045093231098243,2.0
72.84116957055247,0.48422069362473064,2.0
2.2885139821086113,-0.44143733504364624,2.0
-33.10486768544422,-0.4927977251412816,2.0
