delta (MHz),alpha (pi rad),signal_window (MHz)
-21.152275660766023,0.8886152952468056,5.0
16.796675035779323,-0.8707836645518381,5.0
