delta (MHz),alpha (pi rad),signal_window (MHz)
-41.66285846297853,0.9268323719716343,2.5
40.78120669255057,0.7258926575629785,2.5
