delta (MHz),alpha (pi rad),signal_window (MHz)
-68.58010316652555,0.6924372599874442,2.0
39.671326762310144,0.5020851419459211,2.0
47.638628649723415,0.7695903234640549,2.0
6.460303168126103,0.19289942416865213,2.0
