delta (MHz),alpha (pi rad),signal_window (MHz)
-34.602632526664664,0.191386224167988,15.0
-104.51625111357767,-0.22149257757768304,15.0
