delta (MHz),alpha (pi rad),signal_window (MHz)
15.388152202467694,-0.5001867747217008,5.0
-1.4242734552291694,0.2528324494752485,5.0
