delta (MHz),alpha (pi rad),signal_window (MHz)
-54.25433416924953,-0.3960006990024654,5.0
-24.00202420469214,-0.36650726862419747,5.0
