delta (MHz),alpha (pi rad),signal_window (MHz)
43.118563390043136,0.012657138215280694,3.0
-96.49605170023551,0.3371302596657122,3.0
