delta (MHz),alpha (pi rad),signal_window (MHz)
20.145031874084225,-0.29259922742069344,10.0
-26.710666039671104,-0.5116469133337269,10.0
42.29294558148362,-0.36181535073422877,10.0
-48.983738988543635,0.33495057613120016,10.0
