delta (MHz),alpha (pi rad),signal_window (MHz)
-60.15747129523112,-0.15920157083948605,3.0
2.48474259563136,0.9614962190413725,3.0
-96.56026098695324,0.6298432303229577,3.0
106.44401183074964,0.5800001814694884,3.0
