delta (MHz),alpha (pi rad),signal_window (MHz)
-0.558843652202043,-0.7856959792189853,10.0
-29.46910038754378,-0.4976917262166667,10.0
31.507239835045553,-0.95759460121929,10.0
-49.85837409727266,-0.05721469489497499,10.0
