delta (MHz),alpha (pi rad),signal_window (MHz)
-46.82210327471314,0.3988501544429295,5.0
36.25202318019761,0.6736877440486382,5.0
-5.879469148883203,0.5243395062411407,5.0
-32.24167905960493,0.19952730551250553,5.0
-63.591103254796444,-0.721568355554904,5.0
53.5138076332333,0.4190630777220765,5.0
