delta (MHz),alpha (pi rad),signal_window (MHz)
-52.63146743564274,0.28812964798077445,7.5
-80.30918484547055,-0.34000453702909184,7.5
50.41819324347509,-0.658142577137776,7.5
95.87323221921693,0.4734124700358566,7.5
