delta (MHz),alpha (pi rad),signal_window (MHz)
18.259358102449198,-0.018341129716677562,5.0
-57.98538822733579,0.7274784287361289,5.0
-10.87711059300193,-0.025087840670016348,5.0
43.14044738341124,-0.08040120503254644,5.0
