delta (MHz),alpha (pi rad),signal_window (MHz)
-29.763572918402538,-0.04793803904538052,10.0
33.22714303044761,0.3368450587958365,10.0
-0.7879930013607179,-0.625809943958034,10.0
-49.86066232279263,0.9186322919666818,10.0
