delta (MHz),alpha (pi rad),signal_window (MHz)
86.13496833226753,0.5641681691284881,7.5
-44.624475985688136,0.01207813534747948,7.5
-8.024786943046664,-0.07738959245862032,7.5
49.49016006666136,0.5931184424011309,7.5
-25.166253206696197,-0.15320892406856634,7.5
-70.56996153457827,0.7485189059032635,7.5
