delta (MHz),alpha (pi rad),signal_window (MHz)
-69.72409443128589,0.3131105993222003,15.0
-16.80390688613366,0.6410351687303883,15.0
