delta (MHz),alpha (pi rad),signal_window (MHz)
-27.21738569734684,-0.36812785352629196,10.0
2.471998659980571,0.9654613609218541,10.0
