delta (MHz),alpha (pi rad),signal_window (MHz)
-10.476776633832458,-0.9974803236563881,5.0
42.42441574200099,0.3682023498098288,5.0
