delta (MHz),alpha (pi rad),signal_window (MHz)
-50.089350038322735,0.760939014309018,5.0
-6.67266035758999,-0.9794790311818142,5.0
-66.27907968249093,0.016321753706964648,5.0
27.27653832009618,-0.7493662559074363,5.0
