delta (MHz),alpha (pi rad),signal_window (MHz)
27.97644362367896,0.6631631549006938,15.0
-5.820416696348502,-0.1366487286644309,15.0
-51.2729447491773,-0.6344896952114276,15.0
64.96028709675758,-0.2187514232199521,15.0
