delta (MHz),alpha (pi rad),signal_window (MHz)
12.74360273928366,0.7154227338188415,5.0
44.0799655461707,-0.38316581292351914,5.0
1.0193242684140387,0.8248136927111742,5.0
-71.04991860507856,-0.34700428346556467,5.0
