delta (MHz),alpha (pi rad),signal_window (MHz)
45.63164526783024,-0.16838006610417477,5.0
-47.18176622210261,-0.059605091439199454,5.0
