delta (MHz),alpha (pi rad),signal_window (MHz)
86.79664201090162,-0.06304531349614972,7.5
42.62270760024455,0.7317702657155605,7.5
-19.290544898006516,0.6297430925144754,7.5
-36.80584523457699,-0.6757757865110121,7.5
