delta (MHz),alpha (pi rad),signal_window (MHz)
-57.488972327150954,0.14030650763364427,5.0
56.91825993657683,-0.14237117667397703,5.0
-23.308442246746672,0.763183490901215,5.0
-33.897826207335015,0.6056185935236238,5.0
9.31513733722808,0.28082990631364635,5.0
-8.216002595542776,-0.7150072843627706,5.0
