delta (MHz),alpha (pi rad),signal_window (MHz)
-49.86083712959089,0.03408981743723971,2.0
-17.976230758191036,0.2549705767047463,2.0
35.91419994162929,0.42165915001261123,2.0
23.76430864279125,0.34549664199566066,2.0
-72.32740576735542,0.8362324601898439,2.0
-60.3449779391091,-0.7382469802553364,2.0
