delta (MHz),alpha (pi rad),signal_window (MHz)
105.43525683464739,0.39190788691552503,3.0
-42.40619521369078,0.5270663218412284,3.0
-124.70838569795784,0.27533053682639475,3.0
-62.34187830149952,-0.7690086269891927,3.0
