delta (MHz),alpha (pi rad),signal_window (MHz)
-11.45944394402565,0.8174809788209305,1.0
13.216806433519864,0.45562898361316306,1.0
