delta (MHz),alpha (pi rad),signal_window (MHz)
24.493736680155195,-0.49425429855666336,5.0
-32.99233111669723,-0.2705132826553953,5.0
-0.016391792735163335,0.4666645884628826,5.0
-51.04991161064164,-0.46602173755156007,5.0
56.84271963472288,-0.1713735394152971,5.0
37.039666500688114,0.9466003043807001,5.0
