delta (MHz),alpha (pi rad),signal_window (MHz)
17.99660307465038,-0.3273637519715862,1.0
27.090584601812296,-0.5346752224450539,1.0
-34.39601169925697,-0.907225791018309,1.0
41.0382929789927,0.6257846657323332,1.0
-8.742514641497394,0.5024201745625778,1.0
-6.349090426384606,0.4147602614659245,1.0
