delta (MHz),alpha (pi rad),signal_window (MHz)
90.31352740605291,0.17921699165671656,15.0
17.4825428128526,0.21256611527626523,15.0
