delta (MHz),alpha (pi rad),signal_window (MHz)
101.97941755433132,0.5765419308366491,15.0
2.2828618629238804,0.7732901476953344,15.0
