delta (MHz),alpha (pi rad),signal_window (MHz)
49.76588408271374,0.6463892620380445,15.0
15.079722647546163,-0.9681677356807497,15.0
