delta (MHz),alpha (pi rad),signal_window (MHz)
58.79621943801655,0.2031799673420529,3.0
-48.86610691599732,0.19367742144034272,3.0
-36.832574599483564,0.13631378848254694,3.0
44.26462945194291,0.36542130320229194,3.0
