delta (MHz),alpha (pi rad),signal_window (MHz)
62.85815344811547,-0.9409043829271382,5.0
-76.74805267527354,-0.2732411130210093,5.0
