delta (MHz),alpha (pi rad),signal_window (MHz)
-6.4647299169730985,0.7928178949189846,5.0
-50.37352812193727,0.507582890840284,5.0
56.86081468572473,0.3174371104777751,5.0
21.549674868959926,0.8932753292914053,5.0
-28.75868322239876,0.038038872550650416,5.0
39.399550429318595,-0.04725066728135996,5.0
