delta (MHz),alpha (pi rad),signal_window (MHz)
44.16643063193729,0.24479360238065428,1.0
-40.65953574415363,0.5761568322388342,1.0
-10.156114969296773,0.9446088175306788,1.0
-13.870551642013705,0.06427500579141698,1.0
