delta (MHz),alpha (pi rad),signal_window (MHz)
30.455621654884908,0.8622496663658723,7.5
122.0913875471658,-0.8787786377626867,7.5
