delta (MHz),alpha (pi rad),signal_window (MHz)
-16.561899152421063,0.8580677911728569,1.0
-34.426415151132865,0.9660855396847561,1.0
