delta (MHz),alpha (pi rad),signal_window (MHz)
-49.731782680271465,0.8549172337037718,7.5
50.65292641470086,0.862228643735317,7.5
24.313701207413658,-0.17519318433883857,7.5
-83.90793603771604,-0.26917449572804086,7.5
79.36087986794135,-0.9454046799646767,7.5
-22.96737177776555,0.6862499139216942,7.5
