delta (MHz),alpha (pi rad),signal_window (MHz)
55.16450911898326,-0.1703593394709959,15.0
22.23211671667515,0.10200886499058903,15.0
