delta (MHz),alpha (pi rad),signal_window (MHz)
-109.33807081280045,0.6694670832793415,7.5
85.68627616466947,0.6444296555704419,7.5
