delta (MHz),alpha (pi rad),signal_window (MHz)
9.966698979671527,-0.27985812453983083,5.0
-5.503891863214712,-0.7574811377680244,5.0
-20.209340796218676,0.8183322200296228,5.0
20.492657404090316,0.40365681534943865,5.0
