delta (MHz),alpha (pi rad),signal_window (MHz)
-80.09889095939968,0.31092742911877647,7.5
-46.380174004622006,-0.17728939380823627,7.5
