delta (MHz),alpha (pi rad),signal_window (MHz)
101.0052721503744,-0.9913208764492651,7.5
-56.11514668352372,-0.031507650941232646,7.5
