delta (MHz),alpha (pi rad),signal_window (MHz)
-47.47623146673525,-0.6389778018649124,2.0
20.492083172922904,-0.2998184526524652,2.0
58.913403904491474,-0.7287192417475634,2.0
-16.34297522979942,0.5553718045677882,2.0
