delta (MHz),alpha (pi rad),signal_window (MHz)
-12.136936032983826,0.7746026289583878,5.0
14.342943173978682,0.05432582063893765,5.0
24.593310686438677,0.1240528415918487,5.0
0.2035292875692214,-0.11891347461551538,5.0
