delta (MHz),alpha (pi rad),signal_window (MHz)
26.954477576374842,0.9115558495892544,2.0
78.44803417683912,0.9337431898332864,2.0
10.971440032841883,-0.9726876992920157,2.0
-15.099228474478267,0.86059643384346,2.0
21.452038934010517,-0.6778597460439371,2.0
-84.23981094925163,-0.48239155850467497,2.0
