delta (MHz),alpha (pi rad),signal_window (MHz)
-46.297128711111654,-0.6382086756870056,10.0
-3.962198275753096,-0.4122128992598817,10.0
