delta (MHz),alpha (pi rad),signal_window (MHz)
8.773735734893691,-0.8995342204658565,15.0
103.55491105222353,-0.2056845677567669,15.0
