delta (MHz),alpha (pi rad),signal_window (MHz)
-49.89685767099271,0.6381228154408862,10.0
12.959331114989439,0.1815868514664396,10.0
-22.381674745833447,0.7840673356014569,10.0
33.687141020399125,0.363865820196821,10.0
