delta (MHz),alpha (pi rad),signal_window (MHz)
-42.20581566927894,0.005291281279677484,5.0
34.79769721994339,0.20665300763113037,5.0
-4.443804222323095,-0.9421186951869733,5.0
51.33542832896799,0.7480477315600482,5.0
-21.336975792498862,-0.2604449710333163,5.0
-55.90475393967658,-0.3766286235640599,5.0
