delta (MHz),alpha (pi rad),signal_window (MHz)
-26.958286676494183,0.5458301656002795,3.0
33.98460735371668,0.26750899874967216,3.0
41.492577792080596,-0.36504637736748946,3.0
104.65415338504886,-0.605800407332463,3.0
