delta (MHz),alpha (pi rad),signal_window (MHz)
-75.84841400753005,-0.24554664762245815,2.0
82.44907425571986,0.20697550631987816,2.0
11.670989783961474,0.31515431159433405,2.0
47.628254769512665,0.08267276716429306,2.0
59.87594379367766,-0.5350153286053776,2.0
-47.308293234355006,0.049820123709746866,2.0
