delta (MHz),alpha (pi rad),signal_window (MHz)
-35.04752580947965,0.11518327693565378,1.0
-45.60182096074294,0.8176285035356776,1.0
