delta (MHz),alpha (pi rad),signal_window (MHz)
1.982725443343682,0.6584714015791457,7.5
-51.890787755335694,0.5099079078339195,7.5
-80.0100043756088,-0.4176280494130269,7.5
34.97263713921379,-0.3753918515768371,7.5
89.95018237599456,0.8286452669566486,7.5
-34.1049994960904,-0.9977600751335831,7.5
