delta (MHz),alpha (pi rad),signal_window (MHz)
-12.713648291795522,-0.10600192451710355,10.0
49.60384759524334,0.3620000218569952,10.0
8.369981189734418,-0.8005152474372854,10.0
-48.69446046975854,0.12364147258737535,10.0
