delta (MHz),alpha (pi rad),signal_window (MHz)
33.247821760614,-0.12789847540296462,2.5
21.614267338351283,-0.7522987711159823,2.5
-13.318118615848444,-0.16523938975012453,2.5
-0.7659640833254855,0.5998052177696886,2.5
