delta (MHz),alpha (pi rad),signal_window (MHz)
52.489508506624986,-0.46809086933772415,3.0
39.741689278283275,0.9303369126727727,3.0
