delta (MHz),alpha (pi rad),signal_window (MHz)
33.671347435156974,-0.2153712285708116,3.0
103.20167346015418,-0.45807515921597997,3.0
