delta (MHz),alpha (pi rad),signal_window (MHz)
-16.849137073316946,0.5570826918618232,1.0
29.57045969176994,0.35181190525017736,1.0
34.939874273236356,-0.4964801986865277,1.0
15.269992717692269,-0.4130269631742072,1.0
