delta (MHz),alpha (pi rad),signal_window (MHz)
16.382349887549047,0.8159129098327393,2.5
-8.715359233240434,0.6266082277768072,2.5
24.079344364843386,-0.8224183680643196,2.5
-22.6170180946841,0.32265230245740084,2.5
