delta (MHz),alpha (pi rad),signal_window (MHz)
21.76183834670627,0.6810381823258223,7.5
-71.46689945599064,-0.5530770232876898,7.5
-94.34564619428241,0.2770159030026682,7.5
-55.50916157343565,0.3319228839332713,7.5
