delta (MHz),alpha (pi rad),signal_window (MHz)
57.9699468662277,-0.9942377438731971,5.0
-66.61077568426965,-0.08307670491941943,5.0
13.986122271449304,-0.3185670868449524,5.0
0.7431333809684304,-0.09174806573615468,5.0
