delta (MHz),alpha (pi rad),signal_window (MHz)
-104.10391559988648,-0.9604792963547335,3.0
32.160663582090194,0.8306320287185078,3.0
77.01326822708472,-0.499954546341983,3.0
-22.148443662228985,0.7603332365084914,3.0
