delta (MHz),alpha (pi rad),signal_window (MHz)
6.675485062351527,-0.18965291172867405,1.0
4.673544022148171,-0.254923220750896,1.0
