delta (MHz),alpha (pi rad),signal_window (MHz)
-41.26797668915658,-0.22217815197351798,15.0
30.64422144372807,-0.3646044120651548,15.0
-72.16487791686343,-0.585200540972052,15.0
-8.54281611147482,0.5286139329629826,15.0
