delta (MHz),alpha (pi rad),signal_window (MHz)
21.118160754350875,0.9840134043129609,2.5
2.394039112471823,-0.49986189144787296,2.5
