delta (MHz),alpha (pi rad),signal_window (MHz)
-14.023927857821228,-0.6383809025399734,1.0
-30.789992222783674,0.08544869358554585,1.0
29.82934133530499,0.8873359020023703,1.0
8.101513509686626,0.16585243765922364,1.0
