delta (MHz),alpha (pi rad),signal_window (MHz)
11.215204136974805,0.2240795371771067,5.0
-59.254621161373166,-0.02949037082249162,5.0
62.37988048812454,-0.524411368773323,5.0
-39.099014747891744,0.8569052313155867,5.0
