delta (MHz),alpha (pi rad),signal_window (MHz)
19.455599511577006,0.2263756801600576,7.5
-8.032886443062168,-0.061070978597308034,7.5
-34.83923709927802,0.868880820379861,7.5
42.18614918092757,-0.8870133982672233,7.5
58.9984262023014,0.9901262627583174,7.5
-49.88942862687012,0.5664503457193799,7.5
