delta (MHz),alpha (pi rad),signal_window (MHz)
28.712563093008356,0.5779650684847282,2.5
-9.428253337715653,-0.775791504704721,2.5
3.1109292052953563,0.41895664894556783,2.5
-29.313415093916067,-0.42664293039698764,2.5
-20.291236345215196,-0.4576166493309757,2.5
-14.656717393782426,-0.8323575708631472,2.5
