delta (MHz),alpha (pi rad),signal_window (MHz)
-0.6450816044140311,-0.6837218376344862,10.0
-23.338818061937026,-0.31329605786173964,10.0
