delta (MHz),alpha (pi rad),signal_window (MHz)
-48.43070258916296,0.372386411761477,5.0
-30.807848578532408,0.9520833516395768,5.0
2.5321329339893026,0.39135670737579886,5.0
12.7379381099704,-0.6825958204795346,5.0
