delta (MHz),alpha (pi rad),signal_window (MHz)
21.020103761306665,-0.7345420704228118,5.0
-10.581942281517524,-0.8431315577435297,5.0
