delta (MHz),alpha (pi rad),signal_window (MHz)
-11.564663513163211,0.4774284802170907,3.0
-123.99072647069313,-0.08697357094826752,3.0
-23.619838578151928,-0.8408375393090923,3.0
68.11691814200546,0.6409790176256205,3.0
