delta (MHz),alpha (pi rad),signal_window (MHz)
-29.357910385667044,-0.8595448202230271,1.0
-16.233247030738735,-0.991855588591249,1.0
-41.976007534861424,-0.8543962325355998,1.0
-32.79877719667584,-0.9355865772043916,1.0
-22.804329747177157,0.09854752543182443,1.0
13.471881754749326,0.30149838389065753,1.0
