delta (MHz),alpha (pi rad),signal_window (MHz)
-88.70123988346086,-0.3388350462161742,15.0
-34.46417247010223,0.28502762376172086,15.0
