delta (MHz),alpha (pi rad),signal_window (MHz)
42.29394700079722,0.5901575307442264,1.0
-23.05222439250274,-0.6455594035812031,1.0
