delta (MHz),alpha (pi rad),signal_window (MHz)
-55.467647238450525,0.430893819351843,2.0
19.9518648886972,-0.3355372924394633,2.0
-29.021240385134995,-0.554488748136809,2.0
-34.800691886114066,0.049178065904242896,2.0
