delta (MHz),alpha (pi rad),signal_window (MHz)
-41.45138770680421,-0.44867391428691983,2.0
89.72038265869833,0.04690991424141999,2.0
