delta (MHz),alpha (pi rad),signal_window (MHz)
26.597438704762283,-0.7197834476206224,1.0
43.86068324380864,-0.46752798757403835,1.0
-40.29340831915715,0.27012591459579727,1.0
32.117795620525726,0.9653250944304876,1.0
