delta (MHz),alpha (pi rad),signal_window (MHz)
19.588753884111313,0.825257337729074,1.0
-11.148556378892856,-0.9057305774576627,1.0
35.301399105339655,-0.9965694072499076,1.0
-38.85132826470139,0.2187706505195086,1.0
