delta (MHz),alpha (pi rad),signal_window (MHz)
-62.8426369187291,0.8097697847396066,5.0
-29.195532030716052,-0.5707856418306632,5.0
16.35134370523079,-0.03002190416344086,5.0
61.44555639279861,0.5021383933096912,5.0
-0.8370517676884788,0.35392959025305526,5.0
-39.56224580934139,-0.6350183556915359,5.0
