delta (MHz),alpha (pi rad),signal_window (MHz)
-40.766943896004264,-0.8012239705250019,2.0
28.52028985488026,-0.43738601110282804,2.0
44.39090059416287,0.8434994039596597,2.0
5.628874831817484,-0.07288119648857716,2.0
-48.11856673451844,-0.9480634453478394,2.0
77.46349095462196,0.06443554777677107,2.0
