delta (MHz),alpha (pi rad),signal_window (MHz)
-53.78425171837392,0.47191256910408597,5.0
61.357010732069426,0.7022776544595393,5.0
-5.902726166697008,-0.9978102349507614,5.0
-42.484656762098915,0.639379273736739,5.0
