delta (MHz),alpha (pi rad),signal_window (MHz)
-12.091380281398074,-0.5241522090669413,1.0
32.549802292382424,-0.6697919719017857,1.0
34.55957093385962,-0.28192955311520196,1.0
6.0947533488615875,-0.48210745394915255,1.0
