delta (MHz),alpha (pi rad),signal_window (MHz)
36.33683486710024,0.8847261307819065,10.0
-20.645002090589482,-0.8537386017700428,10.0
-47.821024939318534,0.9212642015161525,10.0
7.8301041000830125,0.36519188799956326,10.0
