delta (MHz),alpha (pi rad),signal_window (MHz)
14.757276009254461,-0.9286727640083228,2.5
-30.194468485406325,-0.16871121690517388,2.5
24.318563841895532,0.8898534895078776,2.5
30.335745713346782,-0.7551728326527365,2.5
