delta (MHz),alpha (pi rad),signal_window (MHz)
76.34757258896724,0.23819005846413654,3.0
-128.74767805455494,0.6520129312659819,3.0
-57.15239780786291,-0.9447392283932399,3.0
87.09642080802621,0.4419190316017989,3.0
