delta (MHz),alpha (pi rad),signal_window (MHz)
-92.32596542523949,-0.21010908679569296,3.0
35.903341811042054,0.789821432204332,3.0
29.846698333225817,0.9977233532758218,3.0
-30.720247372855084,-0.3839664706794521,3.0
