delta (MHz),alpha (pi rad),signal_window (MHz)
-4.277709332881841,0.65139445996017,2.0
70.4856538601299,0.5301591598334885,2.0
10.278819943115835,0.5309296316747942,2.0
-28.80848454140454,0.4625880111065035,2.0
