delta (MHz),alpha (pi rad),signal_window (MHz)
-12.492159522529661,-0.18663411967710464,5.0
-48.5989699402844,-0.6689956666658894,5.0
