delta (MHz),alpha (pi rad),signal_window (MHz)
0.9240738765607617,0.7890437701123603,1.0
-18.883499521825954,0.5786188283635096,1.0
-38.120376072403765,0.42630138462294376,1.0
-1.6237709290508562,0.07635071463673548,1.0
29.921720474293963,-0.6617209671383761,1.0
16.867779715560133,0.12308095346123227,1.0
