delta (MHz),alpha (pi rad),signal_window (MHz)
-40.54861956553043,-0.7222469161100777,3.0
27.590720659170472,-0.1221425418472557,3.0
