delta (MHz),alpha (pi rad),signal_window (MHz)
117.32321389689531,-0.3124285554596036,7.5
-76.69514024247883,-0.9197235100629013,7.5
