delta (MHz),alpha (pi rad),signal_window (MHz)
-1.0771759968162655,0.15053221710177422,1.0
17.12490224441793,-0.293185858205796,1.0
-11.241923766088902,0.11217872167954113,1.0
-5.903530005392724,0.4123845047617891,1.0
