delta (MHz),alpha (pi rad),signal_window (MHz)
-65.35825501476302,-0.8632411872796912,10.0
-41.823195187085204,0.9334992546812557,10.0
