delta (MHz),alpha (pi rad),signal_window (MHz)
-73.43841265946759,0.6826628470653624,7.5
-0.33278950208224956,-0.24744215131959968,7.5
-53.515828648963044,0.7516703171802774,7.5
78.89011913987633,0.8626283554891669,7.5
16.638824935137578,-0.399031552099506,7.5
-35.24420300588931,0.7281664528006748,7.5
