delta (MHz),alpha (pi rad),signal_window (MHz)
20.90807192156001,-0.05435449906832113,3.0
-77.21377301943735,0.6138594327862685,3.0
-56.29812412455499,0.4079500727994607,3.0
-27.66877348102065,-0.5288280323230476,3.0
117.37423679793005,0.5624210860203644,3.0
54.97547092472223,0.6775414538633087,3.0
