delta (MHz),alpha (pi rad),signal_window (MHz)
56.11181638498189,0.4467646872093729,7.5
112.46891456295234,0.26831713639927135,7.5
