delta (MHz),alpha (pi rad),signal_window (MHz)
-0.020673129327207107,0.9037303516883739,5.0
-48.43533062234273,0.13365781601198767,5.0
65.77321819055354,-0.7049434033129318,5.0
18.025715650404535,0.36754272733071525,5.0
