delta (MHz),alpha (pi rad),signal_window (MHz)
-34.73543088980293,0.16675709928550875,3.0
-120.96799321757823,-0.6033365898563812,3.0
-90.84332069959822,0.6051944643513811,3.0
129.71548056900377,-0.11918351300165231,3.0
