delta (MHz),alpha (pi rad),signal_window (MHz)
-2.907663695618517,-0.14701144187070225,1.0
11.994394135579014,-0.3773547724543127,1.0
