delta (MHz),alpha (pi rad),signal_window (MHz)
-64.07826178700049,0.04159459811951405,15.0
72.02265456244476,-0.39925470267451746,15.0
18.119456038573603,0.9296188510494539,15.0
-22.538882551464297,-0.7080448790402667,15.0
