delta (MHz),alpha (pi rad),signal_window (MHz)
-39.19654480449276,-0.8865946300082928,10.0
22.330366970725862,-0.3748403516094134,10.0
-11.369758912470942,0.8681405084011571,10.0
43.95754189248069,0.28316002676113183,10.0
