delta (MHz),alpha (pi rad),signal_window (MHz)
-23.150776398466167,-0.3543544087410415,1.0
41.59276987996705,0.9240145244561233,1.0
-20.30434541537336,0.6208926471355602,1.0
-41.04969917278664,-0.05132553811276752,1.0
25.226089630014485,0.8176118218417308,1.0
-27.280349787478965,0.879988117783683,1.0
