delta (MHz),alpha (pi rad),signal_window (MHz)
75.97795639246988,-0.43053643183576407,3.0
-117.99395109809204,0.25803407934895417,3.0
91.26472511938022,0.45382690110128765,3.0
-88.91952002385975,-0.17226829913503305,3.0
-11.960627721347606,-0.38062095205559987,3.0
-58.20509300800988,0.5852764999231788,3.0
