delta (MHz),alpha (pi rad),signal_window (MHz)
-64.38787943320123,0.8951549913347374,2.0
0.2369217105473922,0.16120159114086885,2.0
7.597657634754839,0.684526558214247,2.0
-20.411932601687198,0.2982535547857905,2.0
