delta (MHz),alpha (pi rad),signal_window (MHz)
-23.844106899730033,0.6901939016366376,10.0
43.97676821085285,-0.8776310606236191,10.0
1.9844126435455323,0.10023801704999546,10.0
22.45381623819324,0.19102199401671482,10.0
