delta (MHz),alpha (pi rad),signal_window (MHz)
-83.09982329999323,-0.3906234044745247,3.0
96.23329756311273,0.042982782701255884,3.0
