delta (MHz),alpha (pi rad),signal_window (MHz)
-34.21628765374969,-0.4119370662599229,5.0
11.845598347724192,-0.9445373604445342,5.0
