delta (MHz),alpha (pi rad),signal_window (MHz)
12.236597196958265,0.5213491607689995,2.5
-28.223092144996855,-0.5017214534757002,2.5
30.115946599033457,0.0202129391669863,2.5
-1.3670581578263565,0.10034102624012231,2.5
-7.888599736114308,0.36728715310937665,2.5
-17.083309086794422,-0.19171036680042186,2.5
