delta (MHz),alpha (pi rad),signal_window (MHz)
-8.571559459374338,-0.33704748167389886,2.5
33.64000597090589,0.39973379109229024,2.5
-19.434199493553393,0.6950651051262118,2.5
-34.789829780268136,0.9535376062237273,2.5
