delta (MHz),alpha (pi rad),signal_window (MHz)
-18.037432104281965,0.22004148855776906,1.0
31.469490929601733,0.16248003341450445,1.0
-6.942342586097354,-0.31347751788521183,1.0
22.808956603170984,0.7893629911473714,1.0
