delta (MHz),alpha (pi rad),signal_window (MHz)
37.66819212818129,0.34657571076733995,5.0
-27.00626394573478,-0.853579817955445,5.0
8.918746056352589,0.852781865579102,5.0
-70.87826193277004,-0.3196503265329804,5.0
