delta (MHz),alpha (pi rad),signal_window (MHz)
-17.750692059362407,0.8449882421843342,7.5
71.6335251328141,0.8628345540639697,7.5
54.64274973565347,0.8480368989774112,7.5
13.93269647087358,0.859027008435149,7.5
-48.15019489173642,0.027490719709742484,7.5
-81.631501288225,-0.4702034638593551,7.5
