delta (MHz),alpha (pi rad),signal_window (MHz)
-20.62521328275018,0.16633682352210077,2.0
25.938278510101682,0.26517714667290426,2.0
76.18115207397406,-0.617839057666377,2.0
5.255061348047718,-0.2791204119570394,2.0
