delta (MHz),alpha (pi rad),signal_window (MHz)
66.17083712234717,-0.470376011365377,2.0
-82.20510044565518,0.8922152461230572,2.0
53.058555162770745,0.13428062580063171,2.0
-63.02025129356991,0.3976713012863706,2.0
-5.474121962567409,-0.5106500204896696,2.0
0.29759141849528703,0.8043633072516299,2.0
