delta (MHz),alpha (pi rad),signal_window (MHz)
-49.388676276198254,-0.8641901209520173,5.0
31.87005890160313,0.18279616528559584,5.0
-69.79309102823984,0.2222980833353876,5.0
74.26835436041577,-0.1298997982052894,5.0
