delta (MHz),alpha (pi rad),signal_window (MHz)
28.31947703903002,-0.006807720897800351,5.0
12.744729106305925,-0.18605675410054,5.0
