delta (MHz),alpha (pi rad),signal_window (MHz)
-20.481502849236414,-0.428321440263582,2.5
7.50226394287661,-0.7633857230303516,2.5
25.821819734330283,0.9186579322536141,2.5
20.197479160386806,0.669410599432402,2.5
1.0409044597531434,-0.1074419575378589,2.5
-7.214543860480237,-0.1624977959826719,2.5
