delta (MHz),alpha (pi rad),signal_window (MHz)
17.85503648623134,0.4687886740412739,5.0
52.80635027368423,-0.16027132014295886,5.0
-25.325545835564036,0.08549018347356308,5.0
-7.899722588957374,0.2006189055581007,5.0
-52.22632337214978,0.8455627671266486,5.0
-62.964850026372936,-0.6710906689202014,5.0
