delta (MHz),alpha (pi rad),signal_window (MHz)
-2.4912545178341787,-0.9239838138259329,2.5
-15.603906949065099,-0.28064748380531923,2.5
2.746873363136075,0.9806587412378551,2.5
27.365198080112492,0.817486119674738,2.5
