delta (MHz),alpha (pi rad),signal_window (MHz)
-24.404234150998562,0.7175676478161939,15.0
-98.0804031852459,-0.8355456642260135,15.0
