delta (MHz),alpha (pi rad),signal_window (MHz)
-36.53507858395446,0.13410032537898298,2.0
-51.948893337991336,-0.8954477587264242,2.0
