delta (MHz),alpha (pi rad),signal_window (MHz)
43.27444484351659,0.9106001949444906,3.0
78.56146889052687,0.15479516019536343,3.0
64.31252002432552,-0.20612704810624494,3.0
-22.684214840668787,0.09960212947235392,3.0
