delta (MHz),alpha (pi rad),signal_window (MHz)
-50.716719773898994,0.8469717420833742,5.0
2.36167234592466,-0.12591134812240878,5.0
56.026713530767466,0.3163820379678304,5.0
28.591395320800373,-0.0012137648401548962,5.0
-33.45494881871837,-0.802894880125596,5.0
41.61215292682316,0.894737940037436,5.0
