delta (MHz),alpha (pi rad),signal_window (MHz)
-11.154141900728405,-0.9990479057490225,7.5
-83.42437683151776,-0.2627403173118197,7.5
89.43468362810472,-0.19212826205332267,7.5
65.4814023994594,0.8964085712840193,7.5
38.905748116320126,0.9884383810883473,7.5
-33.381213874901505,0.123351703752975,7.5
