delta (MHz),alpha (pi rad),signal_window (MHz)
-45.52373720759057,-0.5667753492448326,1.0
9.234574159740944,0.09003568157533048,1.0
