delta (MHz),alpha (pi rad),signal_window (MHz)
11.627917926792435,-0.5809477716021947,15.0
-91.01197289667107,0.5492168850519135,15.0
