delta (MHz),alpha (pi rad),signal_window (MHz)
-118.33941437464732,0.3396784703164002,3.0
-124.37899569197526,-0.33096891154674735,3.0
