delta (MHz),alpha (pi rad),signal_window (MHz)
16.145340619708264,0.10793578539430704,3.0
103.80955363020942,-0.642761154997842,3.0
60.869741802554415,-0.08215882507988415,3.0
-117.91335873543974,-0.35793686823265003,3.0
-20.2619465047964,-0.6011662118910794,3.0
-28.721326625449166,0.13836378275643035,3.0
