delta (MHz),alpha (pi rad),signal_window (MHz)
-12.505508267763027,-0.7814411063295525,1.0
-34.5114370320788,0.32656029196570646,1.0
