delta (MHz),alpha (pi rad),signal_window (MHz)
-8.66000169244191,-0.7198034597376763,2.0
29.129007812949496,-0.5218651234734761,2.0
23.939449524733917,0.7763389059042516,2.0
2.248320731507576,-0.938037755409235,2.0
