delta (MHz),alpha (pi rad),signal_window (MHz)
-55.60326322368176,0.40208306113457537,10.0
-23.965918346768177,0.09758026176557677,10.0
