delta (MHz),alpha (pi rad),signal_window (MHz)
78.52338153280908,-0.569471694126968,2.0
-19.444752760492122,0.038168792911105864,2.0
15.27205187210042,-0.7982285366340103,2.0
-8.701379808188094,-0.43001146426701964,2.0
-73.01871671233795,-0.5060202418332822,2.0
84.94680300072429,-0.28299741147772695,2.0
