delta (MHz),alpha (pi rad),signal_window (MHz)
-21.979024238719717,0.4042104929908499,5.0
15.199580715848946,0.6868162734342989,5.0
1.8555915766442936,0.5130031009959639,5.0
-10.30763781370448,0.9394494569304637,5.0
