delta (MHz),alpha (pi rad),signal_window (MHz)
-10.64290954807699,0.9970106186655634,5.0
21.229667119208223,0.014870311064069108,5.0
5.377093294251289,-0.9490893611360101,5.0
-21.170286814554906,-0.778211267569745,5.0
