delta (MHz),alpha (pi rad),signal_window (MHz)
89.44156308840846,-0.9944482484562751,7.5
-105.90911037272768,-0.6615843892875415,7.5
