delta (MHz),alpha (pi rad),signal_window (MHz)
-66.71813490069133,-0.2666036365626918,3.0
71.85908876304185,-0.03655791246925544,3.0
109.90942321042229,-0.9659411055429818,3.0
35.459374568117966,0.5060165945542208,3.0
