delta (MHz),alpha (pi rad),signal_window (MHz)
-62.428316571647606,0.761868555244053,2.0
-91.41246683432851,-0.6099103138342401,2.0
