delta (MHz),alpha (pi rad),signal_window (MHz)
43.206251521845616,-0.6539984876700924,5.0
6.644761132351334,-0.16107572105162937,5.0
-62.72556948691654,-0.5624885950030263,5.0
-46.569555274250206,-0.09846070176603838,5.0
-3.6708916037806603,-0.3983715636356553,5.0
63.60268669262291,0.814198479105056,5.0
