delta (MHz),alpha (pi rad),signal_window (MHz)
-11.334752451889525,0.5235598907091941,2.5
-4.163434405587886,-0.356290567138857,2.5
-23.78120762180239,0.08235721652195394,2.5
25.925639022743404,0.3045046911158873,2.5
-29.729609274881227,0.8901823354727958,2.5
7.309674605100874,0.05767530124854625,2.5
