delta (MHz),alpha (pi rad),signal_window (MHz)
-36.01365392500553,0.612496805100414,10.0
1.5360868057146604,0.6497735668849902,10.0
