delta (MHz),alpha (pi rad),signal_window (MHz)
-3.720901870582537,0.6494137170944334,15.0
-47.45828656969645,-0.1442763759829666,15.0
