delta (MHz),alpha (pi rad),signal_window (MHz)
-22.52340827378493,-0.781680898067743,5.0
12.50624505839339,0.05137167512954366,5.0
