delta (MHz),alpha (pi rad),signal_window (MHz)
45.31220059790709,-0.8958776252797429,3.0
35.2253066441485,-0.024720176501878965,3.0
-123.71970654630901,-0.7760375259450216,3.0
109.18130732964727,0.062114745023746254,3.0
-37.456658817342216,0.8548016987185183,3.0
-23.19713231844611,-0.3635397981033144,3.0
