delta (MHz),alpha (pi rad),signal_window (MHz)
26.299876996349653,0.27738355064250153,2.0
-68.67641026516296,0.6499048875702056,2.0
