delta (MHz),alpha (pi rad),signal_window (MHz)
-16.832901968084897,0.7837482197657484,2.5
-35.45709225747021,-0.13661402029311787,2.5
33.94545060744538,0.4668835028290286,2.5
8.209111694836551,0.8267943202860215,2.5
