delta (MHz),alpha (pi rad),signal_window (MHz)
22.36979329433899,0.9802956459384,5.0
33.468608615626536,-0.15972103147669547,5.0
