delta (MHz),alpha (pi rad),signal_window (MHz)
-42.75071404670837,-0.8646801533150483,15.0
-72.85480098186822,0.4726410685210931,15.0
72.28423009206793,-0.6208770822986986,15.0
5.884584826081721,-0.028977104634330786,15.0
