delta (MHz),alpha (pi rad),signal_window (MHz)
-50.14254266949821,0.5417238810818548,5.0
-28.962549170334157,0.6819607429243153,5.0
