delta (MHz),alpha (pi rad),signal_window (MHz)
45.95731655914503,0.2284619855573693,3.0
-98.77855054659098,0.5166644791722932,3.0
