delta (MHz),alpha (pi rad),signal_window (MHz)
60.10659631620777,-0.3426268464717632,5.0
31.411865374973146,0.17051727578217157,5.0
