delta (MHz),alpha (pi rad),signal_window (MHz)
-54.386355866165424,-0.8898080696916537,15.0
61.84691422936709,-0.6598107907472686,15.0
