delta (MHz),alpha (pi rad),signal_window (MHz)
84.88617952729084,-0.6153402422126986,7.5
-1.7553038132330556,0.6932993207245899,7.5
-82.98483152780811,0.31542389548749905,7.5
44.956997639201006,-0.34820703466075,7.5
