delta (MHz),alpha (pi rad),signal_window (MHz)
33.47877976798041,-0.7729139196588573,1.0
25.46104965112916,0.8406372451302584,1.0
-2.5319334719290225,0.980267232630929,1.0
-38.230456697990434,-0.9321233994490299,1.0
-24.424297210462072,0.9082003323143855,1.0
-20.71447557595252,0.17925075641868915,1.0
