delta (MHz),alpha (pi rad),signal_window (MHz)
31.459868063921533,-0.9417651899672355,5.0
2.805109625144759,-0.5168287153317692,5.0
