delta (MHz),alpha (pi rad),signal_window (MHz)
99.88833249589715,-0.8351477568888599,3.0
43.90539331914513,0.5334013750582856,3.0
-132.8186061351928,-0.9592678546784468,3.0
-40.339717064235074,-0.1838909191654825,3.0
