delta (MHz),alpha (pi rad),signal_window (MHz)
15.126603718626498,0.3484637585657382,2.0
67.82706210559851,0.8048575336468338,2.0
5.980230588911624,-0.5988350512012659,2.0
-83.15801254454507,-0.09745722590687489,2.0
-35.832202907987536,0.37359340185838463,2.0
25.151110823705835,0.43407834701335557,2.0
