delta (MHz),alpha (pi rad),signal_window (MHz)
23.498369581598084,-0.9554377406613996,5.0
-6.735317232991868,-0.051799435002895855,5.0
-35.44928621744435,0.45268873680526545,5.0
12.966526683635365,-0.47165025768051017,5.0
-62.086788055591164,-0.813405915181773,5.0
35.34155126024676,0.37824601615101217,5.0
