delta (MHz),alpha (pi rad),signal_window (MHz)
45.88379276888253,-0.9112316829714875,2.0
-8.010386391878555,0.5519547140249281,2.0
56.90414144584571,0.8368055610399601,2.0
-52.812933996911354,-0.21838311346236505,2.0
