delta (MHz),alpha (pi rad),signal_window (MHz)
-3.235058927269904,0.7421779977828982,2.5
-17.18686722405992,-0.04351198287911795,2.5
