delta (MHz),alpha (pi rad),signal_window (MHz)
37.60785735164333,0.38261343151678395,2.0
-60.93541477107555,0.35058442533487466,2.0
