delta (MHz),alpha (pi rad),signal_window (MHz)
-86.89997216861448,0.9113607056518083,7.5
-31.761335725632236,0.18302289556872609,7.5
-71.71278567213255,0.577893425506939,7.5
-7.88568068612075,0.8832480397822142,7.5
89.03694979788307,-0.9545382627260253,7.5
27.66652163245577,-0.22083475153222065,7.5
