delta (MHz),alpha (pi rad),signal_window (MHz)
-39.68565741214087,-0.6721358749280124,2.5
15.824806885427954,-0.893478273151548,2.5
