delta (MHz),alpha (pi rad),signal_window (MHz)
-7.393627589414969,-0.9926500664405755,5.0
-18.72183767641643,0.7214978441564983,5.0
