delta (MHz),alpha (pi rad),signal_window (MHz)
-11.373144017102888,-0.22794866748704679,1.0
-43.62499902889232,-0.4157303044708398,1.0
-40.80447005108683,0.3923862582921598,1.0
4.9126017903599575,-0.7226989879084245,1.0
