delta (MHz),alpha (pi rad),signal_window (MHz)
12.922458600406273,0.13661598029798072,2.5
-13.65668679626192,0.4107174583906772,2.5
-27.26028252948735,0.43194611457285625,2.5
27.86728289233462,-0.1258132584476539,2.5
0.286559882010863,0.9137110030041242,2.5
22.704667979372132,0.5024552739583059,2.5
