delta (MHz),alpha (pi rad),signal_window (MHz)
75.09838991018921,-0.5249671394714643,15.0
25.534816856788154,0.6435992991341926,15.0
