delta (MHz),alpha (pi rad),signal_window (MHz)
10.91083577724666,0.7573462923246825,1.0
39.49722014067923,0.15963439131545853,1.0
27.68015435749932,0.07801432127659647,1.0
32.73794640713953,0.48691672410482556,1.0
