delta (MHz),alpha (pi rad),signal_window (MHz)
-42.490990337981664,-0.06586552486416886,1.0
-16.54075426586192,-0.6077573891454635,1.0
34.640849900443996,0.8378255673348576,1.0
5.805441718039916,0.31240852822439247,1.0
