delta (MHz),alpha (pi rad),signal_window (MHz)
42.399853667291936,-0.3103996242064422,10.0
-66.22193595241103,-0.7529614168872469,10.0
