delta (MHz),alpha (pi rad),signal_window (MHz)
-41.36289420529627,0.15062576354270085,2.5
20.030316905523286,0.3292096800613098,2.5
