delta (MHz),alpha (pi rad),signal_window (MHz)
64.9207011291083,0.11808238247897584,5.0
42.314877116844514,0.3866109934803428,5.0
8.434661173881096,-0.1972181075105821,5.0
27.03695839160659,-0.8538174155266032,5.0
