delta (MHz),alpha (pi rad),signal_window (MHz)
-102.49114691741686,-0.3337294273627742,15.0
54.01739677199211,-0.8115454310844681,15.0
