delta (MHz),alpha (pi rad),signal_window (MHz)
21.27161460707353,0.006908649493946983,15.0
55.82261210322375,0.4707557674324534,15.0
-64.10852496115757,-0.19023457960799317,15.0
-25.927955355050756,0.6595563796626809,15.0
