delta (MHz),alpha (pi rad),signal_window (MHz)
9.67899718146468,0.47329323306829174,2.0
-65.92780564917703,0.8588105918450744,2.0
