delta (MHz),alpha (pi rad),signal_window (MHz)
-49.94449726821642,-0.8592247272091624,5.0
68.44651485798965,0.1508851657955248,5.0
9.452222917722622,-0.07799019331875257,5.0
-4.694225522708294,-0.40936318127946825,5.0
