delta (MHz),alpha (pi rad),signal_window (MHz)
40.28250553015799,-0.5651005072282371,5.0
-39.658024304119735,0.6008616219119853,5.0
13.777380475527693,0.7796291506294277,5.0
-49.688958610097494,-0.26888129042484965,5.0
