delta (MHz),alpha (pi rad),signal_window (MHz)
10.134869631392327,-0.08348782123046306,2.5
-5.318814351789065,0.5396409326172327,2.5
4.273085390875636,-0.24000694274758172,2.5
-30.368370899411786,-0.5942160774413268,2.5
15.997012898744366,-0.47777233301274125,2.5
24.197314847278747,-0.9522246552834039,2.5
