delta (MHz),alpha (pi rad),signal_window (MHz)
-64.05611658265454,0.8919090716171476,15.0
24.022943839470685,0.11956234943410804,15.0
-19.550722952922925,-0.9658981373186788,15.0
57.95318755026091,-0.5489674917890082,15.0
