delta (MHz),alpha (pi rad),signal_window (MHz)
-12.85028607419477,0.374339640488065,5.0
65.56114398383144,-0.1449788303173707,5.0
