delta (MHz),alpha (pi rad),signal_window (MHz)
36.67700214184205,-0.5229372483309294,1.0
-7.268177853599568,-0.5147304978827385,1.0
