delta (MHz),alpha (pi rad),signal_window (MHz)
40.26539173488045,-0.83726384788765,10.0
-56.52188649719428,-0.3749493902743417,10.0
