delta (MHz),alpha (pi rad),signal_window (MHz)
-28.286771904266885,0.5398890614866223,2.5
3.125860640953192,0.06163325104005679,2.5
