delta (MHz),alpha (pi rad),signal_window (MHz)
-33.79814428855573,-0.33110890392434156,10.0
30.94271674482431,-0.8405398437141562,10.0
-10.247974575087028,-0.45422801470055907,10.0
10.120303961772656,-0.16382167022457517,10.0
