delta (MHz),alpha (pi rad),signal_window (MHz)
-67.51255613618818,-0.4466889153202911,3.0
29.833882031159163,-0.055278122380973294,3.0
