delta (MHz),alpha (pi rad),signal_window (MHz)
-72.45347778645511,-0.7082592003566202,7.5
-46.2764007153291,-0.48040218257071055,7.5
94.89804558222764,0.872150992595099,7.5
-94.07091042330488,-0.16976307198023255,7.5
