delta (MHz),alpha (pi rad),signal_window (MHz)
-25.69771089790045,-0.14794604395026867,1.0
16.636869120668706,0.758453713363817,1.0
