delta (MHz),alpha (pi rad),signal_window (MHz)
2.4384658229019323,-0.2307154567450298,2.0
30.415107827418495,0.7762257722156987,2.0
-60.831952247477524,0.21869066821783756,2.0
-39.8820835825633,0.6768185525974675,2.0
