delta (MHz),alpha (pi rad),signal_window (MHz)
-2.048495460145631,-0.5600403819633373,7.5
-18.678804157395035,-0.8739909275281488,7.5
80.69698116336707,0.33446819682966855,7.5
-83.50556100837898,-0.17072466315119628,7.5
30.07753527883014,-0.04035271336069002,7.5
-45.11773274813492,-0.7042943298258748,7.5
