delta (MHz),alpha (pi rad),signal_window (MHz)
-28.653955166419898,-0.049997102806413896,5.0
-17.811277219729977,-0.9575560948388113,5.0
