delta (MHz),alpha (pi rad),signal_window (MHz)
14.507315561228275,-0.4482532727194293,1.0
42.664853453999115,0.6877819221271138,1.0
24.92539469674327,-0.25490324677849374,1.0
31.691054491130856,-0.2024214736002301,1.0
-2.516614087733096,0.4340957308798188,1.0
-31.873223387117186,-0.8832956307877045,1.0
