delta (MHz),alpha (pi rad),signal_window (MHz)
66.18717797976947,-0.8702909666695038,2.0
37.16601324294183,0.9111621980656102,2.0
-67.65060661515284,-0.5409484834706071,2.0
17.216496670853417,-0.4859768385633845,2.0
-74.91262817902691,-0.6700328570189722,2.0
-49.584349761491644,0.8109183507604372,2.0
