delta (MHz),alpha (pi rad),signal_window (MHz)
-1.3689157670219743,0.45888315810120206,2.5
9.205274028301744,0.8735360423899217,2.5
31.239295280612282,0.9824468317585331,2.5
19.08681086810713,-0.6019371544415186,2.5
