delta (MHz),alpha (pi rad),signal_window (MHz)
-65.55044584887558,0.23834383543585536,2.0
41.10245060958283,-0.7058203829256031,2.0
