delta (MHz),alpha (pi rad),signal_window (MHz)
-82.15877880772716,0.2853570482068386,2.0
92.09543013265596,-0.0712418016366907,2.0
