delta (MHz),alpha (pi rad),signal_window (MHz)
15.707484218345357,-0.49505626611699616,5.0
46.12453740567629,-0.4890190494705444,5.0
-45.38182535264633,-0.37273049384038703,5.0
-7.185028296159089,0.8538599812804248,5.0
