delta (MHz),alpha (pi rad),signal_window (MHz)
23.030200295856616,-0.46636251424174024,1.0
-21.322270524674774,-0.9269560907857435,1.0
3.1018356778399223,-0.7959639726409697,1.0
-35.390033876153964,0.7908105634776683,1.0
-23.961171121271498,0.22362233574485613,1.0
-0.32631877299547796,0.6431459978872798,1.0
