delta (MHz),alpha (pi rad),signal_window (MHz)
8.37674612824253,-0.33223396527508364,3.0
84.3953167460439,-0.11994492866990836,3.0
66.76699115716724,0.590743258839852,3.0
-92.14396712858871,-0.7790956882858102,3.0
75.75056716847217,0.438683300073371,3.0
-48.29038406363236,-0.6898680672546422,3.0
