delta (MHz),alpha (pi rad),signal_window (MHz)
58.80340142816519,0.8298748053851988,7.5
-58.718449591083264,-0.002941565421408443,7.5
39.28098793672646,-0.07255870924010943,7.5
17.57332729729977,0.6337254641633172,7.5
-7.039302483201311,0.2090282206493641,7.5
84.35744360484068,-0.5537540681966795,7.5
