delta (MHz),alpha (pi rad),signal_window (MHz)
40.519530235621886,0.41083187988574577,10.0
-39.511284716986886,-0.46842913814108944,10.0
