delta (MHz),alpha (pi rad),signal_window (MHz)
-19.9561951703936,0.7007417037385397,1.0
45.32358671417897,0.5721493034709455,1.0
