delta (MHz),alpha (pi rad),signal_window (MHz)
21.57212844095514,0.5297262656023778,5.0
-42.318182435418635,-0.44428962848236453,5.0
-28.883357008280633,0.41316055723760625,5.0
-13.38535359839561,-0.340616968213556,5.0
59.843666692279015,-0.4979312089974701,5.0
2.348623638429359,-0.572841280708646,5.0
