delta (MHz),alpha (pi rad),signal_window (MHz)
45.767200183123435,-0.7128024634857237,3.0
-65.71726785458387,0.3362306757849498,3.0
132.78975847937573,-0.898597219438728,3.0
76.41955084245072,-0.842591242322992,3.0
