delta (MHz),alpha (pi rad),signal_window (MHz)
-68.86830549820854,0.6899509730708457,5.0
72.11870205836732,0.2061494389609102,5.0
43.913454936969245,0.9034429119360636,5.0
55.4599523835667,-0.9917341642483053,5.0
