delta (MHz),alpha (pi rad),signal_window (MHz)
-0.3904685817596203,-0.8575000146065668,5.0
78.72429039462168,0.17408416506569901,5.0
