delta (MHz),alpha (pi rad),signal_window (MHz)
104.91675964174573,0.46887045255835913,15.0
28.433172006451684,0.48723606656933427,15.0
