delta (MHz),alpha (pi rad),signal_window (MHz)
66.11141278626366,0.8552803339928448,2.0
-63.32559750149585,0.4714633855323074,2.0
59.1898694048476,-0.7337605804898177,2.0
-29.586372739758268,-0.37375168274389337,2.0
-6.198914325413554,0.9523238851894598,2.0
77.21544323151718,-0.008531203159081402,2.0
