delta (MHz),alpha (pi rad),signal_window (MHz)
58.98976139581137,0.8735053211715875,3.0
-113.49465103149772,0.6836501302051794,3.0
