delta (MHz),alpha (pi rad),signal_window (MHz)
-22.698231915183936,-0.03194522051042159,2.5
21.898489054041008,0.22703580021042935,2.5
