delta (MHz),alpha (pi rad),signal_window (MHz)
-30.54169417767136,-0.43950102016388604,7.5
-4.490362535623433,-0.20741276469916015,7.5
-97.05876347128633,-0.8424365937311364,7.5
11.647144445332387,0.3655115533794633,7.5
