delta (MHz),alpha (pi rad),signal_window (MHz)
-22.243963381910362,-0.7109673142017516,2.5
-16.331601616417682,-0.02654874095984039,2.5
