delta (MHz),alpha (pi rad),signal_window (MHz)
33.30951452794285,0.8311918926667645,2.5
-23.11861954985615,0.9943089908686669,2.5
