delta (MHz),alpha (pi rad),signal_window (MHz)
-22.398061726422505,0.08622945882791866,5.0
28.416763583459847,0.5370376655389393,5.0
