delta (MHz),alpha (pi rad),signal_window (MHz)
51.57986507300498,0.9166093781420244,2.0
-32.22511183672774,0.7723419262659355,2.0
44.304497716373646,-0.1716789534499128,2.0
-55.690317473751115,0.5864865433816902,2.0
