delta (MHz),alpha (pi rad),signal_window (MHz)
68.15280550190408,0.937848193964776,7.5
11.969695577122934,0.8558818935967669,7.5
