delta (MHz),alpha (pi rad),signal_window (MHz)
29.123663993709627,0.3447506441503623,10.0
-7.476763608944587,0.11033100401891938,10.0
