delta (MHz),alpha (pi rad),signal_window (MHz)
-30.75109446539595,-0.8002295692937755,7.5
-104.42345301001242,0.4655775398427,7.5
41.93109918391241,0.2891191175369716,7.5
-59.694787157349985,-0.36097249281798294,7.5
