delta (MHz),alpha (pi rad),signal_window (MHz)
-73.04340619293208,0.16212044761638822,2.0
-40.077146443270905,0.8503999747556585,2.0
-55.030420743921326,0.34916086668309254,2.0
-14.627650343331197,0.799620611313792,2.0
1.0718992531839149,0.08929955164898762,2.0
25.80735086814623,0.6757548661642423,2.0
