delta (MHz),alpha (pi rad),signal_window (MHz)
34.56792258681,-0.24102101755274163,5.0
-24.631969797701075,0.429906749350617,5.0
-54.573303957898574,0.2910150415599122,5.0
22.00270978190595,0.5083617632292059,5.0
-43.524876113208535,0.9210840310362536,5.0
60.05673681453705,0.06874703929107073,5.0
