delta (MHz),alpha (pi rad),signal_window (MHz)
-13.601602784278278,0.905073115569939,5.0
-58.698363887920635,0.9858228683233101,5.0
-39.014282777608805,0.9577317956895934,5.0
27.739117387520224,-0.6884386729608358,5.0
53.70915546906275,-0.4941799455381468,5.0
38.5889455752464,-0.03140844808590293,5.0
