delta (MHz),alpha (pi rad),signal_window (MHz)
-34.430727670721325,-0.7741337848337215,2.5
2.7475286158469245,0.47393834257041134,2.5
14.542028633450805,-0.5206120088836745,2.5
7.880838351716363,0.3741901237759728,2.5
