delta (MHz),alpha (pi rad),signal_window (MHz)
-105.49020731755117,-0.09941202555560213,3.0
-6.733084988752495,0.481125662715566,3.0
