delta (MHz),alpha (pi rad),signal_window (MHz)
-24.06282390644798,-0.049320734016348844,5.0
-13.756032554566346,0.3788171461685821,5.0
