delta (MHz),alpha (pi rad),signal_window (MHz)
27.995973399363862,0.0032753383277785986,3.0
-50.25377291536569,-0.684700242923874,3.0
79.02740588319304,0.8719118446277645,3.0
40.6453094655233,0.3562275559558712,3.0
68.14392320578091,0.8963823968489757,3.0
-32.88322702153809,-0.1604081144529681,3.0
