delta (MHz),alpha (pi rad),signal_window (MHz)
71.9788859898265,-0.8307375919732676,2.0
-28.144651915697324,-0.006038072047017229,2.0
