delta (MHz),alpha (pi rad),signal_window (MHz)
-47.21439733832361,-0.6437146519502375,5.0
-31.862675620306987,-0.4965359364693167,5.0
18.034328073120534,-0.511185883362784,5.0
-20.02749703735796,0.3903011738082294,5.0
57.30962581482456,0.6634738038388075,5.0
-5.6237096885883275,0.7897520412251704,5.0
