delta (MHz),alpha (pi rad),signal_window (MHz)
-13.974976227642046,0.07128349228512487,7.5
26.50358421381543,-0.6597807292150166,7.5
84.13098264556436,0.5238803062771278,7.5
103.27498640133422,0.02440139709299194,7.5
