delta (MHz),alpha (pi rad),signal_window (MHz)
-46.40512915839656,0.3923733637116187,15.0
21.97763549373039,-0.49095162570295026,15.0
52.74100982792564,0.5323364097343166,15.0
-8.117875254034217,-0.6595011942552633,15.0
