delta (MHz),alpha (pi rad),signal_window (MHz)
29.121051248276288,0.6391491971728174,5.0
-29.930261808803223,-0.34734735671976225,5.0
40.3081579027356,0.9547103628522922,5.0
6.065296815615071,-0.052676214777578334,5.0
