delta (MHz),alpha (pi rad),signal_window (MHz)
-34.171294756714964,0.05624856668360323,7.5
-95.73050350655357,0.38346217456319986,7.5
4.313482706516027,0.14896100244545818,7.5
89.1977719406741,-0.7758511956979091,7.5
70.79185388298598,-0.8650082609766916,7.5
-73.53340357210368,0.6576819816440918,7.5
