delta (MHz),alpha (pi rad),signal_window (MHz)
2.827929694693921,0.5305050843824328,2.5
-15.303279318738188,-0.7222728227849966,2.5
20.214964584325493,0.6971384390701694,2.5
13.690242999168717,0.07297060429746782,2.5
7.9967104916199645,-0.6578378210418441,2.5
-31.78853164276745,0.13874200045054907,2.5
