delta (MHz),alpha (pi rad),signal_window (MHz)
0.986409090056334,0.45691172274482783,1.0
-30.757681476304136,-0.15037033891437956,1.0
