delta (MHz),alpha (pi rad),signal_window (MHz)
-62.29521885206716,0.4047606973014488,2.0
-25.438196847088975,-0.1677612472759289,2.0
