delta (MHz),alpha (pi rad),signal_window (MHz)
-15.576760168932807,0.3552866871386353,1.0
11.947526424552507,-0.9891594369857246,1.0
