delta (MHz),alpha (pi rad),signal_window (MHz)
2.728376139368933,0.14923830694145201,5.0
-24.342944063299917,0.15254713331216974,5.0
