delta (MHz),alpha (pi rad),signal_window (MHz)
0.6895113593265947,0.9436770975943312,5.0
-15.841176051820582,-0.08111280770298612,5.0
12.579435658802161,0.4353299663662249,5.0
23.143180385626536,-0.1347246316599635,5.0
