delta (MHz),alpha (pi rad),signal_window (MHz)
52.06325890472226,-0.42853381187186756,7.5
98.51685368358665,0.6251653466112275,7.5
19.04253331434049,0.43580350438555215,7.5
-94.34530751753955,0.8809798410984007,7.5
