delta (MHz),alpha (pi rad),signal_window (MHz)
66.06976214836959,0.24612095884210516,7.5
96.59351331370561,-0.379069953526475,7.5
-49.76658268465884,-0.8425493428388635,7.5
33.07888202466418,0.509279714522,7.5
-94.05464529195595,0.015835549653373304,7.5
-28.532812209971155,0.4130175864286725,7.5
