delta (MHz),alpha (pi rad),signal_window (MHz)
-129.03310806806257,-0.6979676517851521,3.0
-83.80719312774836,-0.2497308752860401,3.0
