delta (MHz),alpha (pi rad),signal_window (MHz)
7.7077258771637105,0.9848264605427419,2.5
31.700682694580323,-0.5796058330534135,2.5
-18.530724504655936,0.3177922873601582,2.5
19.001593877100305,-0.91037244873024,2.5
-31.66204606702635,0.30344333899366815,2.5
-4.897714071776335,0.5134363951422127,2.5
