delta (MHz),alpha (pi rad),signal_window (MHz)
-51.50960581223045,0.3571300117488838,15.0
74.68474322924376,0.013209581724085817,15.0
15.61504240577429,-0.48345671818484615,15.0
-21.1824384566059,-0.23179456507362195,15.0
