delta (MHz),alpha (pi rad),signal_window (MHz)
-115.43815193552545,0.46800462343616456,7.5
-0.524671370508969,0.20561834717588057,7.5
