delta (MHz),alpha (pi rad),signal_window (MHz)
5.585778692292678,0.6130510968278302,15.0
-37.01227005873681,0.8844473122662542,15.0
46.319246042066126,-0.04830400445643712,15.0
-71.54965160743447,0.9819570421178738,15.0
