delta (MHz),alpha (pi rad),signal_window (MHz)
-27.88104196832616,0.017131546042278734,3.0
-11.292098962508192,0.31570019914595693,3.0
105.09559878989188,0.5583410243564249,3.0
47.21628072049754,-0.8451320689564965,3.0
-54.18799415375207,0.9254076420782389,3.0
37.53377033883726,-0.7087146938892861,3.0
