delta (MHz),alpha (pi rad),signal_window (MHz)
-70.76116589822263,-0.08116127941260931,5.0
17.549195934598288,-0.5779369541149986,5.0
