delta (MHz),alpha (pi rad),signal_window (MHz)
71.31078666364044,0.14088974995527237,7.5
-112.16463789962636,-0.6876404430890213,7.5
