delta (MHz),alpha (pi rad),signal_window (MHz)
16.19279221294481,-0.6815707446782566,2.0
-91.85225170476511,0.6726861018726946,2.0
