delta (MHz),alpha (pi rad),signal_window (MHz)
-16.310949237921676,0.4057418246677431,1.0
43.42093654027374,0.5155750635298768,1.0
