delta (MHz),alpha (pi rad),signal_window (MHz)
19.124586582860047,-0.6415073290462925,10.0
-56.822047951499634,-0.4030016909841887,10.0
