delta (MHz),alpha (pi rad),signal_window (MHz)
17.25701076305282,0.6153604219338766,2.0
3.50533448096229,0.8395853315063115,2.0
