delta (MHz),alpha (pi rad),signal_window (MHz)
28.289051813948134,-0.8624009923115099,5.0
-18.0046587402521,-0.1134765018978976,5.0
