delta (MHz),alpha (pi rad),signal_window (MHz)
-10.310915744163903,0.5990984697743522,5.0
15.763496479240935,-0.7586838999415964,5.0
