delta (MHz),alpha (pi rad),signal_window (MHz)
32.77722612559592,-0.7611440088131685,2.5
-19.346688028122127,0.66799941023911,2.5
