delta (MHz),alpha (pi rad),signal_window (MHz)
1.7552976751216818,0.8691898420910962,15.0
-60.37501381836809,0.6997559028367586,15.0
