delta (MHz),alpha (pi rad),signal_window (MHz)
-44.35116829095854,0.30671614373174294,1.0
-23.106727423648543,0.2697313114441817,1.0
