delta (MHz),alpha (pi rad),signal_window (MHz)
-60.366773093367065,0.06519454365557409,2.0
-35.6639521043999,-0.6571100462419435,2.0
