delta (MHz),alpha (pi rad),signal_window (MHz)
-62.76323364120315,-0.46617979309667845,5.0
-29.78183714443866,0.7603302770771465,5.0
