delta (MHz),alpha (pi rad),signal_window (MHz)
21.879116496007057,-0.5113424877363628,5.0
-39.70596562998918,0.6408783212396456,5.0
