delta (MHz),alpha (pi rad),signal_window (MHz)
49.440901508005936,-0.3758900539893604,2.0
75.82724710187901,0.34379075403347326,2.0
