delta (MHz),alpha (pi rad),signal_window (MHz)
-40.47888571992366,0.08958316018857349,2.5
11.220486088075738,-0.08065604722580733,2.5
