delta (MHz),alpha (pi rad),signal_window (MHz)
-20.333100524394155,0.7036096230829822,5.0
21.252863904809715,0.19728559220394848,5.0
