delta (MHz),alpha (pi rad),signal_window (MHz)
-15.134462463775566,-0.7244215522546731,2.5
-23.127234843512984,0.43627459781833,2.5
