delta (MHz),alpha (pi rad),signal_window (MHz)
-8.546107833388184,0.5965335547968613,2.5
-17.881997556211996,-0.8577724014046797,2.5
35.37407889104611,0.6052772017094796,2.5
19.634031128932975,0.0653552217496105,2.5
