delta (MHz),alpha (pi rad),signal_window (MHz)
22.124103031045223,-0.9215913641675282,1.0
-19.829899632851692,0.5029118637037759,1.0
-43.53184753665084,0.23748846793939205,1.0
34.51808938920874,0.8081795086179848,1.0
