delta (MHz),alpha (pi rad),signal_window (MHz)
-29.921182834221256,-0.11179579337073897,3.0
15.052515660512995,0.22622719661165847,3.0
