delta (MHz),alpha (pi rad),signal_window (MHz)
-26.338180868852575,0.14943579323459,15.0
16.51545714036901,0.647246525257591,15.0
