delta (MHz),alpha (pi rad),signal_window (MHz)
70.91831039310753,0.7269667275591742,5.0
34.173624722770185,-0.7037102073713746,5.0
