delta (MHz),alpha (pi rad),signal_window (MHz)
0.22775077741020766,-0.8028035629152972,7.5
-59.48906572242659,0.2811785984281465,7.5
