delta (MHz),alpha (pi rad),signal_window (MHz)
-51.142918878005275,0.619294455980141,3.0
10.390355089089695,0.45349806225952993,3.0
