delta (MHz),alpha (pi rad),signal_window (MHz)
-2.4798730533559237,0.13790116154769905,2.5
26.595296993028782,-0.3264722347491871,2.5
-28.436288479328717,0.23972796236280125,2.5
-9.75408291922544,-0.7080073621439551,2.5
