delta (MHz),alpha (pi rad),signal_window (MHz)
39.44126767312288,-0.5349525779448785,1.0
-16.02809434349263,-0.526313837030125,1.0
