delta (MHz),alpha (pi rad),signal_window (MHz)
-65.58292365194103,-0.16397556822925385,7.5
69.28601763566607,-0.3533388551651331,7.5
