delta (MHz),alpha (pi rad),signal_window (MHz)
52.85426835583047,-0.4330858763747367,10.0
-67.93853293389205,0.8518072428986718,10.0
