delta (MHz),alpha (pi rad),signal_window (MHz)
-24.815681419166495,0.1272901897195058,10.0
-48.9202561800545,-0.7502201884767092,10.0
