delta (MHz),alpha (pi rad),signal_window (MHz)
-28.44980834060292,-0.6872834052429115,2.5
26.36909059999236,0.525749451115604,2.5
