delta (MHz),alpha (pi rad),signal_window (MHz)
-24.290346166481655,-0.17527037711036186,1.0
-17.68667400036263,-0.5595762843883783,1.0
-39.24787076637437,-0.407558335342737,1.0
-43.578029235795114,0.802323100487006,1.0
