delta (MHz),alpha (pi rad),signal_window (MHz)
-9.17958622845562,-0.2868921139406675,15.0
61.78617325469537,0.12141223742751062,15.0
