delta (MHz),alpha (pi rad),signal_window (MHz)
32.2829700790862,0.7509080869731601,2.5
-23.27135649322848,-0.9687825053451216,2.5
8.12926935280938,0.3345419769868143,2.5
-17.258900825010535,0.8156361040232438,2.5
