delta (MHz),alpha (pi rad),signal_window (MHz)
19.426413843254814,-0.9383283356445284,5.0
-20.124483955447246,0.8718756807061463,5.0
-10.063635955878937,0.7026300860694297,5.0
2.0183859476576416,0.44232914712353244,5.0
