delta (MHz),alpha (pi rad),signal_window (MHz)
41.18472813780801,-0.638348279717253,2.5
-10.338639152342864,0.10193767409172683,2.5
