delta (MHz),alpha (pi rad),signal_window (MHz)
-31.444894131986956,-0.14424548184429642,5.0
5.076663188638101,0.07725263937620452,5.0
