delta (MHz),alpha (pi rad),signal_window (MHz)
-27.61532861390542,0.5350990858136653,5.0
7.021031637753126,-0.3124880473174745,5.0
