delta (MHz),alpha (pi rad),signal_window (MHz)
7.4795274860460665,0.1634786907996879,5.0
-16.154973135234922,-0.7359706385539615,5.0
