delta (MHz),alpha (pi rad),signal_window (MHz)
46.740008966095985,-0.4647280423840763,10.0
-53.747686332746724,0.7672822492444573,10.0
