delta (MHz),alpha (pi rad),signal_window (MHz)
-22.648279590467652,0.31057318557337954,2.5
9.216514036094004,-0.7108104972054581,2.5
