delta (MHz),alpha (pi rad),signal_window (MHz)
42.52593316565816,-0.9750664965847804,7.5
79.35958319804394,0.30979649892889327,7.5
