delta (MHz),alpha (pi rad),signal_window (MHz)
86.39351083236474,0.38360676603253174,3.0
138.46677428713082,-0.49928836803049426,3.0
