delta (MHz),alpha (pi rad),signal_window (MHz)
9.409969144299161,0.908299578669816,1.0
40.912187831928236,0.6386882055650835,1.0
-16.655131002127764,0.4395427550257123,1.0
-0.06867148981316973,-0.24273197042760875,1.0
