delta (MHz),alpha (pi rad),signal_window (MHz)
4.766043036966359,-0.4085315018627851,2.5
27.885755097681937,-0.17952248063616905,2.5
19.169780245684912,0.2399442699516483,2.5
-23.120607792433603,-0.5997623634482045,2.5
