delta (MHz),alpha (pi rad),signal_window (MHz)
38.27615195800527,-0.41204004162753316,7.5
1.1716032377761678,-0.8924524937251432,7.5
