delta (MHz),alpha (pi rad),signal_window (MHz)
-35.80128078396632,-0.12348202744142256,1.0
-33.6592322524626,0.8951792545139121,1.0
