delta (MHz),alpha (pi rad),signal_window (MHz)
7.692931609411225,0.0901831949729861,1.0
-42.41933162094971,-0.605778285858734,1.0
