delta (MHz),alpha (pi rad),signal_window (MHz)
60.73393360480554,0.47864331503152635,5.0
82.88004312197845,0.5251335746081256,5.0
