delta (MHz),alpha (pi rad),signal_window (MHz)
26.49812244141907,-0.10692873601854802,2.5
-29.147190307554972,0.6129167093292611,2.5
-5.772687808806179,-0.020758693842143128,2.5
9.237856040224187,-0.5324815568936327,2.5
