delta (MHz),alpha (pi rad),signal_window (MHz)
-16.305798996862983,-0.5523358891230286,10.0
17.482430512038434,0.3535479658647791,10.0
