delta (MHz),alpha (pi rad),signal_window (MHz)
-2.410090869148668,-0.7158369190240266,2.5
-21.164331850411102,-0.6902009174665744,2.5
30.935187856368557,-0.8271768995098319,2.5
-29.55514703956634,-0.6809194309185753,2.5
