delta (MHz),alpha (pi rad),signal_window (MHz)
66.18046858355086,-0.6670712361513436,10.0
-64.77257157160219,-0.7495107153479879,10.0
