delta (MHz),alpha (pi rad),signal_window (MHz)
-100.64132309945012,-0.8846533581916318,7.5
75.91920012715079,0.37529517990315364,7.5
