delta (MHz),alpha (pi rad),signal_window (MHz)
45.08427960359293,-0.3225813938622095,3.0
-70.06163791318558,-0.7830488430660003,3.0
