delta (MHz),alpha (pi rad),signal_window (MHz)
-32.78830100222928,0.178623646901104,2.5
18.065921778989882,-0.7449201416066742,2.5
36.23311433013467,0.5888409546405824,2.5
-25.717788063913886,-0.11445557290910591,2.5
