delta (MHz),alpha (pi rad),signal_window (MHz)
14.63287254881368,0.4152915802118333,15.0
82.43964659913436,0.10808998201909259,15.0
