delta (MHz),alpha (pi rad),signal_window (MHz)
11.925757590200433,0.4447509950601072,2.5
37.30797555347607,0.31313979606741915,2.5
