delta (MHz),alpha (pi rad),signal_window (MHz)
74.01640267493076,0.36335449491287775,15.0
-52.56097489442711,0.8246860792434005,15.0
