delta (MHz),alpha (pi rad),signal_window (MHz)
32.55993135017604,-0.2341152709595895,15.0
77.74957915004859,-0.047114467361315526,15.0
