delta (MHz),alpha (pi rad),signal_window (MHz)
-15.55135975386742,-0.5508779751486022,2.5
42.41906235663308,-0.35883526472821003,2.5
