delta (MHz),alpha (pi rad),signal_window (MHz)
14.069761676150222,0.8951642330751044,1.0
5.324901262959237,0.14842822210023376,1.0
-31.18889844304006,0.8540142693349004,1.0
-5.427682312818284,0.13254497883362681,1.0
