delta (MHz),alpha (pi rad),signal_window (MHz)
4.807008082084643,0.7869393293122071,2.5
22.748639989941708,-0.9303701830049877,2.5
