delta (MHz),alpha (pi rad),signal_window (MHz)
-31.106956452968227,0.8051410908916328,10.0
-8.63452574062726,-0.8076302247368086,10.0
