delta (MHz),alpha (pi rad),signal_window (MHz)
-96.7994315006554,-0.015862999601818695,15.0
44.76618109989599,-0.880008685799871,15.0
