delta (MHz),alpha (pi rad),signal_window (MHz)
-22.96512109855906,-0.8870140427683724,2.5
30.891014507107172,0.014424888302064787,2.5
-16.440505335965828,-0.9323280936187017,2.5
-6.296285151166451,0.10620440759919947,2.5
