delta (MHz),alpha (pi rad),signal_window (MHz)
16.548369299548256,-0.33261450067578213,3.0
74.63246287351589,0.738320765455762,3.0
