delta (MHz),alpha (pi rad),signal_window (MHz)
43.43681293029405,0.37293129432111094,7.5
72.90195614794641,0.04941822141231311,7.5
