delta (MHz),alpha (pi rad),signal_window (MHz)
-37.90114182002458,-0.16444366416576228,1.0
-7.735442772732895,0.5759064340400044,1.0
38.73411415890554,0.9623717627478079,1.0
32.548930632668814,-0.5368735103527085,1.0
