delta (MHz),alpha (pi rad),signal_window (MHz)
8.60670146385958,-0.6871611117915803,5.0
-62.29247724313089,0.20521980922792404,5.0
