delta (MHz),alpha (pi rad),signal_window (MHz)
-45.37353325419105,0.1537675474883866,2.0
-23.274338023774703,-0.44978569693873616,2.0
