delta (MHz),alpha (pi rad),signal_window (MHz)
-4.314357153983508,-0.27034065204038193,2.5
40.80021291046339,0.9782866169115756,2.5
