delta (MHz),alpha (pi rad),signal_window (MHz)
35.549615808229774,-0.9466013159906532,1.0
-10.155021410573099,0.9006643768098941,1.0
