delta (MHz),alpha (pi rad),signal_window (MHz)
-22.601018587235288,-0.7109527755084954,3.0
-106.4695431630019,-0.14133608078426296,3.0
