delta (MHz),alpha (pi rad),signal_window (MHz)
41.08507630403771,-0.7313667422019026,1.0
-44.48987617018663,0.1902214818393586,1.0
-34.318583138907606,-0.5525221894105861,1.0
-38.43994746039591,0.5683701284684408,1.0
