delta (MHz),alpha (pi rad),signal_window (MHz)
112.9412004491742,0.14392578417658886,3.0
-99.27204326911455,-0.06895395791888959,3.0
