delta (MHz),alpha (pi rad),signal_window (MHz)
9.167823435922358,0.3691276743787002,2.0
80.74009154125156,-0.4450596384975898,2.0
