delta (MHz),alpha (pi rad),signal_window (MHz)
-22.957408356509223,-0.9543053664661176,5.0
-12.032710115080691,-0.5118812410613038,5.0
5.0126127917775705,0.8994585048969932,5.0
15.776375326135359,-0.6650580805944553,5.0
