delta (MHz),alpha (pi rad),signal_window (MHz)
31.38553790627516,0.16690127078062766,1.0
16.216155680601588,-0.6517900447721805,1.0
