delta (MHz),alpha (pi rad),signal_window (MHz)
-15.243796828742962,0.9341282183802899,1.0
30.68649237921734,-0.3929827244382518,1.0
