delta (MHz),alpha (pi rad),signal_window (MHz)
30.473345747820105,0.6730005680432061,5.0
-17.201021856370538,-0.9437727803467004,5.0
