delta (MHz),alpha (pi rad),signal_window (MHz)
34.002893022853215,0.8442477979048746,5.0
9.365252064091791,-0.9862465569783816,5.0
