delta (MHz),alpha (pi rad),signal_window (MHz)
-24.460522104436535,0.7844976853155745,1.0
-30.244682945303563,0.6937105698391055,1.0
26.413625438904987,0.868075225147632,1.0
-37.11790054163061,0.1579323018484009,1.0
