delta (MHz),alpha (pi rad),signal_window (MHz)
12.40692994006882,0.45957157018114425,2.5
-18.64986508221903,-0.2776153903477321,2.5
