delta (MHz),alpha (pi rad),signal_window (MHz)
-25.703816237051782,0.6259292019159173,10.0
35.1125360924393,-0.3554471724704402,10.0
