delta (MHz),alpha (pi rad),signal_window (MHz)
35.738086844675465,-0.030860805895736698,1.0
41.14296059707485,-0.4126978935286014,1.0
-6.613983981405774,-0.871640705435774,1.0
31.415524787343898,-0.5403059135522381,1.0
