delta (MHz),alpha (pi rad),signal_window (MHz)
10.561235151474122,0.46364001094822105,15.0
-67.54077549568547,-0.3647383781506979,15.0
