delta (MHz),alpha (pi rad),signal_window (MHz)
89.42581989608169,0.6242913517325916,2.0
83.58085010218744,-0.795003789107527,2.0
