delta (MHz),alpha (pi rad),signal_window (MHz)
-82.9079243491091,0.4177049566030089,2.0
-33.57219423728594,-0.22698526896288684,2.0
