delta (MHz),alpha (pi rad),signal_window (MHz)
-33.45413834444851,0.13825874327382204,15.0
14.26027936157304,-0.5191198555824461,15.0
