delta (MHz),alpha (pi rad),signal_window (MHz)
-36.584201064217076,0.32648443951003525,1.0
41.17493838800236,0.9412960175116456,1.0
6.085630189902901,-0.4825664947554138,1.0
-1.2995737541020986,-0.25007874361536486,1.0
