delta (MHz),alpha (pi rad),signal_window (MHz)
-115.23484644912595,-0.9895915581786054,3.0
-138.77828260716058,0.4085341400997613,3.0
