delta (MHz),alpha (pi rad),signal_window (MHz)
25.232724681668316,-0.300494837882344,10.0
54.05816368412076,-0.10697763355205381,10.0
